"data_type","label","assayed_gene_product","background","alleles","mutant.s.","conditions","comment","growth_phase_or_response","strand","assay_type","first_author","publication_year","pmed_id","DB","study_id","sample_id","data_file_type","file_name"
"Chromatin binding","ace2_ChIP_rep1","Ace2","h- leu1-32 ura-D18 ade6-704 ace2::6xGly-3xFlag-kanMX","not applicable","","YES, 30C","","vegetative growth","","ChIP-seq","Skribbe","2025","40015273","GEO","GSE274238","GSM8445821","bigWig","ID1_ace2_ChIP_rep1_cpm_10.bw"
"Chromatin binding","ace2_ChIP_rep2","Ace2","h- leu1-32 ura-D18 ade6-704 ace2::6xGly-3xFlag-kanMX","not applicable","","YES, 30C","","vegetative growth","","ChIP-seq","Skribbe","2025","40015273","GEO","GSE274238","GSM8445822","bigWig","ID1_ace2_ChIP_rep2_cpm_10.bw"
"Chromatin binding","ace2_IN_rep1","Ace2","h- leu1-32 ura-D18 ade6-704 ace2::6xGly-3xFlag-kanMX","not applicable","","YES, 30C","","vegetative growth","","ChIP-seq","Skribbe","2025","40015273","GEO","GSE274238","GSM8445819","bigWig","ID1_ace2_IN_rep1_cpm_10.bw"
"Chromatin binding","ace2_IN_rep2","Ace2","h- leu1-32 ura-D18 ade6-704 ace2::6xGly-3xFlag-kanMX","not applicable","","YES, 30C","","vegetative growth","","ChIP-seq","Skribbe","2025","40015273","GEO","GSE274238","GSM8445820","bigWig","ID1_ace2_IN_rep2_cpm_10.bw"
"Chromatin binding","fil1_ChIP_rep1","Fil1","h- leu1-32 ura-D18 ade6-704 fil1::6xGly-3xFlag-kanMX","not applicable","","YES, 30C","","vegetative growth","","ChIP-seq","Skribbe","2025","40015273","GEO","GSE274238","GSM8445849","bigWig","ID10_fil1_ChIP_rep1_cpm_10.bw"
"Chromatin binding","fil1_ChIP_rep2","Fil1","h- leu1-32 ura-D18 ade6-704 fil1::6xGly-3xFlag-kanMX","not applicable","","YES, 30C","","vegetative growth","","ChIP-seq","Skribbe","2025","40015273","GEO","GSE274238","GSM8445850","bigWig","ID10_fil1_ChIP_rep2_cpm_10.bw"
"Chromatin binding","fil1_IN_rep1","Fil1","h- leu1-32 ura-D18 ade6-704 fil1::6xGly-3xFlag-kanMX","not applicable","","YES, 30C","","vegetative growth","","ChIP-seq","Skribbe","2025","40015273","GEO","GSE274238","GSM8445847","bigWig","ID10_fil1_IN_rep1_cpm_10.bw"
"Chromatin binding","fil1_IN_rep2","Fil1","h- leu1-32 ura-D18 ade6-704 fil1::6xGly-3xFlag-kanMX","not applicable","","YES, 30C","","vegetative growth","","ChIP-seq","Skribbe","2025","40015273","GEO","GSE274238","GSM8445848","bigWig","ID10_fil1_IN_rep2_cpm_10.bw"
"Chromatin binding","fkh2_ChIP_rep1","Fkh2","h- leu1-32 ura-D18 ade6-704 fkh2::6xGly-3xFlag-kanMX","not applicable","","YES, 30C","","vegetative growth","","ChIP-seq","Skribbe","2025","40015273","GEO","GSE274238","GSM8445853","bigWig","ID11_fkh2_ChIP_rep1_cpm_10.bw"
"Chromatin binding","fkh2_ChIP_rep2","Fkh2","h- leu1-32 ura-D18 ade6-704 fkh2::6xGly-3xFlag-kanMX","not applicable","","YES, 30C","","vegetative growth","","ChIP-seq","Skribbe","2025","40015273","GEO","GSE274238","GSM8445854","bigWig","ID11_fkh2_ChIP_rep2_cpm_10.bw"
"Chromatin binding","fkh2_IN_rep1","Fkh2","h- leu1-32 ura-D18 ade6-704 fkh2::6xGly-3xFlag-kanMX","not applicable","","YES, 30C","","vegetative growth","","ChIP-seq","Skribbe","2025","40015273","GEO","GSE274238","GSM8445851","bigWig","ID11_fkh2_IN_rep1_cpm_10.bw"
"Chromatin binding","fkh2_IN_rep2","Fkh2","h- leu1-32 ura-D18 ade6-704 fkh2::6xGly-3xFlag-kanMX","not applicable","","YES, 30C","","vegetative growth","","ChIP-seq","Skribbe","2025","40015273","GEO","GSE274238","GSM8445852","bigWig","ID11_fkh2_IN_rep2_cpm_10.bw"
"Chromatin binding","adn2_ChIP_rep1","Adn2","h- leu1-32 ura-D18 ade6-704 adn2::6xGly-3xFlag-kanMX","not applicable","","YES, 30C","","vegetative growth","","ChIP-seq","Skribbe","2025","40015273","GEO","GSE274238","GSM8445857","bigWig","ID12_adn2_ChIP_rep1_cpm_10.bw"
"Chromatin binding","adn2_ChIP_rep2","Adn2","h- leu1-32 ura-D18 ade6-704 adn2::6xGly-3xFlag-kanMX","not applicable","","YES, 30C","","vegetative growth","","ChIP-seq","Skribbe","2025","40015273","GEO","GSE274238","GSM8445858","bigWig","ID12_adn2_ChIP_rep2_cpm_10.bw"
"Chromatin binding","adn2_IN_rep1","Adn2","h- leu1-32 ura-D18 ade6-704 adn2::6xGly-3xFlag-kanMX","not applicable","","YES, 30C","","vegetative growth","","ChIP-seq","Skribbe","2025","40015273","GEO","GSE274238","GSM8445855","bigWig","ID12_adn2_IN_rep1_cpm_10.bw"
"Chromatin binding","adn2_IN_rep2","Adn2","h- leu1-32 ura-D18 ade6-704 adn2::6xGly-3xFlag-kanMX","not applicable","","YES, 30C","","vegetative growth","","ChIP-seq","Skribbe","2025","40015273","GEO","GSE274238","GSM8445856","bigWig","ID12_adn2_IN_rep2_cpm_10.bw"
"Chromatin binding","gaf1_ChIP_rep1","Gaf1","h- leu1-32 ura-D18 ade6-704 gaf1::6xGly-3xFlag-kanMX","not applicable","","YES, 30C","","vegetative growth","","ChIP-seq","Skribbe","2025","40015273","GEO","GSE274238","GSM8445861","bigWig","ID13_gaf1_ChIP_rep1_cpm_10.bw"
"Chromatin binding","gaf1_ChIP_rep2","Gaf1","h- leu1-32 ura-D18 ade6-704 gaf1::6xGly-3xFlag-kanMX","not applicable","","YES, 30C","","vegetative growth","","ChIP-seq","Skribbe","2025","40015273","GEO","GSE274238","GSM8445862","bigWig","ID13_gaf1_ChIP_rep2_cpm_10.bw"
"Chromatin binding","gaf1_IN_rep1","Gaf1","h- leu1-32 ura-D18 ade6-704 gaf1::6xGly-3xFlag-kanMX","not applicable","","YES, 30C","","vegetative growth","","ChIP-seq","Skribbe","2025","40015273","GEO","GSE274238","GSM8445859","bigWig","ID13_gaf1_IN_rep1_cpm_10.bw"
"Chromatin binding","gaf1_IN_rep2","Gaf1","h- leu1-32 ura-D18 ade6-704 gaf1::6xGly-3xFlag-kanMX","not applicable","","YES, 30C","","vegetative growth","","ChIP-seq","Skribbe","2025","40015273","GEO","GSE274238","GSM8445860","bigWig","ID13_gaf1_IN_rep2_cpm_10.bw"
"Chromatin binding","hsf1_ChIP_rep1","Hsf1","h- leu1-32 ura-D18 ade6-704 hsf1::6xGly-3xFlag-kanMX","not applicable","","YES, 30C","","vegetative growth","","ChIP-seq","Skribbe","2025","40015273","GEO","GSE274238","GSM8445865","bigWig","ID14_hsf1_ChIP_rep1_cpm_10.bw"
"Chromatin binding","hsf1_ChIP_rep2","Hsf1","h- leu1-32 ura-D18 ade6-704 hsf1::6xGly-3xFlag-kanMX","not applicable","","YES, 30C","","vegetative growth","","ChIP-seq","Skribbe","2025","40015273","GEO","GSE274238","GSM8445866","bigWig","ID14_hsf1_ChIP_rep2_cpm_10.bw"
"Chromatin binding","hsf1_IN_rep1","Hsf1","h- leu1-32 ura-D18 ade6-704 hsf1::6xGly-3xFlag-kanMX","not applicable","","YES, 30C","","vegetative growth","","ChIP-seq","Skribbe","2025","40015273","GEO","GSE274238","GSM8445863","bigWig","ID14_hsf1_IN_rep1_cpm_10.bw"
"Chromatin binding","hsf1_IN_rep2","Hsf1","h- leu1-32 ura-D18 ade6-704 hsf1::6xGly-3xFlag-kanMX","not applicable","","YES, 30C","","vegetative growth","","ChIP-seq","Skribbe","2025","40015273","GEO","GSE274238","GSM8445864","bigWig","ID14_hsf1_IN_rep2_cpm_10.bw"
"Chromatin binding","adn3_ChIP_rep1","Adn3","h- leu1-32 ura-D18 ade6-704 adn3::6xGly-3xFlag-kanMX","not applicable","","YES, 30C","","vegetative growth","","ChIP-seq","Skribbe","2025","40015273","GEO","GSE274238","GSM8445869","bigWig","ID15_adn3_ChIP_rep1_cpm_10.bw"
"Chromatin binding","adn3_ChIP_rep2","Adn3","h- leu1-32 ura-D18 ade6-704 adn3::6xGly-3xFlag-kanMX","not applicable","","YES, 30C","","vegetative growth","","ChIP-seq","Skribbe","2025","40015273","GEO","GSE274238","GSM8445870","bigWig","ID15_adn3_ChIP_rep2_cpm_10.bw"
"Chromatin binding","adn3_IN_rep1","Adn3","h- leu1-32 ura-D18 ade6-704 adn3::6xGly-3xFlag-kanMX","not applicable","","YES, 30C","","vegetative growth","","ChIP-seq","Skribbe","2025","40015273","GEO","GSE274238","GSM8445867","bigWig","ID15_adn3_IN_rep1_cpm_10.bw"
"Chromatin binding","adn3_IN_rep2","Adn3","h- leu1-32 ura-D18 ade6-704 adn3::6xGly-3xFlag-kanMX","not applicable","","YES, 30C","","vegetative growth","","ChIP-seq","Skribbe","2025","40015273","GEO","GSE274238","GSM8445868","bigWig","ID15_adn3_IN_rep2_cpm_10.bw"
"Chromatin binding","ams2_ChIP_rep1","Ams2","h- leu1-32 ura-D18 ade6-704 ams2::6xGly-3xFlag-kanMX","not applicable","","YES, 30C","","vegetative growth","","ChIP-seq","Skribbe","2025","40015273","GEO","GSE274238","GSM8445873","bigWig","ID16_ams2_ChIP_rep1_cpm_10.bw"
"Chromatin binding","ams2_ChIP_rep2","Ams2","h- leu1-32 ura-D18 ade6-704 ams2::6xGly-3xFlag-kanMX","not applicable","","YES, 30C","","vegetative growth","","ChIP-seq","Skribbe","2025","40015273","GEO","GSE274238","GSM8445874","bigWig","ID16_ams2_ChIP_rep2_cpm_10.bw"
"Chromatin binding","ams2_IN_rep1","Ams2","h- leu1-32 ura-D18 ade6-704 ams2::6xGly-3xFlag-kanMX","not applicable","","YES, 30C","","vegetative growth","","ChIP-seq","Skribbe","2025","40015273","GEO","GSE274238","GSM8445871","bigWig","ID16_ams2_IN_rep1_cpm_10.bw"
"Chromatin binding","ams2_IN_rep2","Ams2","h- leu1-32 ura-D18 ade6-704 ams2::6xGly-3xFlag-kanMX","not applicable","","YES, 30C","","vegetative growth","","ChIP-seq","Skribbe","2025","40015273","GEO","GSE274238","GSM8445872","bigWig","ID16_ams2_IN_rep2_cpm_10.bw"
"Chromatin binding","res1_ChIP_rep1","Res1","h- leu1-32 ura-D18 ade6-704 res1::6xGly-3xFlag-kanMX","not applicable","","YES, 30C","","vegetative growth","","ChIP-seq","Skribbe","2025","40015273","GEO","GSE274238","GSM8445877","bigWig","ID17_res1_ChIP_rep1_cpm_10.bw"
"Chromatin binding","res1_ChIP_rep2","Res1","h- leu1-32 ura-D18 ade6-704 res1::6xGly-3xFlag-kanMX","not applicable","","YES, 30C","","vegetative growth","","ChIP-seq","Skribbe","2025","40015273","GEO","GSE274238","GSM8445878","bigWig","ID17_res1_ChIP_rep2_cpm_10.bw"
"Chromatin binding","res1_IN_rep1","Res1","h- leu1-32 ura-D18 ade6-704 res1::6xGly-3xFlag-kanMX","not applicable","","YES, 30C","","vegetative growth","","ChIP-seq","Skribbe","2025","40015273","GEO","GSE274238","GSM8445875","bigWig","ID17_res1_IN_rep1_cpm_10.bw"
"Chromatin binding","res1_IN_rep2","Res1","h- leu1-32 ura-D18 ade6-704 res1::6xGly-3xFlag-kanMX","not applicable","","YES, 30C","","vegetative growth","","ChIP-seq","Skribbe","2025","40015273","GEO","GSE274238","GSM8445876","bigWig","ID17_res1_IN_rep2_cpm_10.bw"
"Chromatin binding","atf1_ChIP_rep1","Atf1","h- leu1-32 ura-D18 ade6-704 atf1::6xGly-3xFlag-kanMX","not applicable","","YES, 30C","","vegetative growth","","ChIP-seq","Skribbe","2025","40015273","GEO","GSE274238","GSM8445881","bigWig","ID18_atf1_ChIP_rep1_cpm_10.bw"
"Chromatin binding","atf1_ChIP_rep2","Atf1","h- leu1-32 ura-D18 ade6-704 atf1::6xGly-3xFlag-kanMX","not applicable","","YES, 30C","","vegetative growth","","ChIP-seq","Skribbe","2025","40015273","GEO","GSE274238","GSM8445882","bigWig","ID18_atf1_ChIP_rep2_cpm_10.bw"
"Chromatin binding","atf1_IN_rep1","Atf1","h- leu1-32 ura-D18 ade6-704 atf1::6xGly-3xFlag-kanMX","not applicable","","YES, 30C","","vegetative growth","","ChIP-seq","Skribbe","2025","40015273","GEO","GSE274238","GSM8445879","bigWig","ID18_atf1_IN_rep1_cpm_10.bw"
"Chromatin binding","atf1_IN_rep2","Atf1","h- leu1-32 ura-D18 ade6-704 atf1::6xGly-3xFlag-kanMX","not applicable","","YES, 30C","","vegetative growth","","ChIP-seq","Skribbe","2025","40015273","GEO","GSE274238","GSM8445880","bigWig","ID18_atf1_IN_rep2_cpm_10.bw"
"Chromatin binding","sak1_ChIP_rep1","Sak1","h- leu1-32 ura-D18 ade6-704 sak1::6xGly-3xFlag-kanMX","not applicable","","YES, 30C","","vegetative growth","","ChIP-seq","Skribbe","2025","40015273","GEO","GSE274238","GSM8445885","bigWig","ID19_sak1_ChIP_rep1_cpm_10.bw"
"Chromatin binding","sak1_ChIP_rep2","Sak1","h- leu1-32 ura-D18 ade6-704 sak1::6xGly-3xFlag-kanMX","not applicable","","YES, 30C","","vegetative growth","","ChIP-seq","Skribbe","2025","40015273","GEO","GSE274238","GSM8445886","bigWig","ID19_sak1_ChIP_rep2_cpm_10.bw"
"Chromatin binding","sak1_IN_rep1","Sak1","h- leu1-32 ura-D18 ade6-704 sak1::6xGly-3xFlag-kanMX","not applicable","","YES, 30C","","vegetative growth","","ChIP-seq","Skribbe","2025","40015273","GEO","GSE274238","GSM8445883","bigWig","ID19_sak1_IN_rep1_cpm_10.bw"
"Chromatin binding","sak1_IN_rep2","Sak1","h- leu1-32 ura-D18 ade6-704 sak1::6xGly-3xFlag-kanMX","not applicable","","YES, 30C","","vegetative growth","","ChIP-seq","Skribbe","2025","40015273","GEO","GSE274238","GSM8445884","bigWig","ID19_sak1_IN_rep2_cpm_10.bw"
"Chromatin binding","cdc10_ChIP_rep1","Cdc10","h- leu1-32 ura-D18 ade6-704 cdc10::6xGly-3xFlag-kanMX","not applicable","","YES, 30C","","vegetative growth","","ChIP-seq","Skribbe","2025","40015273","GEO","GSE274238","GSM8445825","bigWig","ID2_cdc10_ChIP_rep1_cpm_10.bw"
"Chromatin binding","cdc10_ChIP_rep2","Cdc10","h- leu1-32 ura-D18 ade6-704 cdc10::6xGly-3xFlag-kanMX","not applicable","","YES, 30C","","vegetative growth","","ChIP-seq","Skribbe","2025","40015273","GEO","GSE274238","GSM8445826","bigWig","ID2_cdc10_ChIP_rep2_cpm_10.bw"
"Chromatin binding","cdc10_IN_rep1","Cdc10","h- leu1-32 ura-D18 ade6-704 cdc10::6xGly-3xFlag-kanMX","not applicable","","YES, 30C","","vegetative growth","","ChIP-seq","Skribbe","2025","40015273","GEO","GSE274238","GSM8445823","bigWig","ID2_cdc10_IN_rep1_cpm_10.bw"
"Chromatin binding","cdc10_IN_rep2","Cdc10","h- leu1-32 ura-D18 ade6-704 cdc10::6xGly-3xFlag-kanMX","not applicable","","YES, 30C","","vegetative growth","","ChIP-seq","Skribbe","2025","40015273","GEO","GSE274238","GSM8445824","bigWig","ID2_cdc10_IN_rep2_cpm_10.bw"
"Chromatin binding","teb1_ChIP_rep1","Teb1","h- leu1-32 ura-D18 ade6-704 teb1::6xGly-3xFlag-kanMX","not applicable","","YES, 30C","","vegetative growth","","ChIP-seq","Skribbe","2025","40015273","GEO","GSE274238","GSM8445889","bigWig","ID20_teb1_ChIP_rep1_cpm_10.bw"
"Chromatin binding","teb1_ChIP_rep2","Teb1","h- leu1-32 ura-D18 ade6-704 teb1::6xGly-3xFlag-kanMX","not applicable","","YES, 30C","","vegetative growth","","ChIP-seq","Skribbe","2025","40015273","GEO","GSE274238","GSM8445890","bigWig","ID20_teb1_ChIP_rep2_cpm_10.bw"
"Chromatin binding","teb1_IN_rep1","Teb1","h- leu1-32 ura-D18 ade6-704 teb1::6xGly-3xFlag-kanMX","not applicable","","YES, 30C","","vegetative growth","","ChIP-seq","Skribbe","2025","40015273","GEO","GSE274238","GSM8445887","bigWig","ID20_teb1_IN_rep1_cpm_10.bw"
"Chromatin binding","teb1_IN_rep2","Teb1","h- leu1-32 ura-D18 ade6-704 teb1::6xGly-3xFlag-kanMX","not applicable","","YES, 30C","","vegetative growth","","ChIP-seq","Skribbe","2025","40015273","GEO","GSE274238","GSM8445888","bigWig","ID20_teb1_IN_rep2_cpm_10.bw"
"Chromatin binding","zas1_ChIP_rep1","Zas1","h- leu1-32 ura-D18 ade6-704 zas1::6xGly-3xFlag-kanMX","not applicable","","YES, 30C","","vegetative growth","","ChIP-seq","Skribbe","2025","40015273","GEO","GSE274238","GSM8445893","bigWig","ID22_zas1_ChIP_rep1_cpm_10.bw"
"Chromatin binding","zas1_ChIP_rep2","Zas1","h- leu1-32 ura-D18 ade6-704 zas1::6xGly-3xFlag-kanMX","not applicable","","YES, 30C","","vegetative growth","","ChIP-seq","Skribbe","2025","40015273","GEO","GSE274238","GSM8445894","bigWig","ID22_zas1_ChIP_rep2_cpm_10.bw"
"Chromatin binding","zas1_IN_rep1","Zas1","h- leu1-32 ura-D18 ade6-704 zas1::6xGly-3xFlag-kanMX","not applicable","","YES, 30C","","vegetative growth","","ChIP-seq","Skribbe","2025","40015273","GEO","GSE274238","GSM8445891","bigWig","ID22_zas1_IN_rep1_cpm_10.bw"
"Chromatin binding","zas1_IN_rep2","Zas1","h- leu1-32 ura-D18 ade6-704 zas1::6xGly-3xFlag-kanMX","not applicable","","YES, 30C","","vegetative growth","","ChIP-seq","Skribbe","2025","40015273","GEO","GSE274238","GSM8445892","bigWig","ID22_zas1_IN_rep2_cpm_10.bw"
"Chromatin binding","cbf11_ChIP_rep1","Cbf11","h- leu1-32 ura-D18 ade6-704 3xFlag-6xGly::cbf11","not applicable","","YES, 30C","","vegetative growth","","ChIP-seq","Skribbe","2025","40015273","GEO","GSE274238","GSM8445897","bigWig","ID24_cbf11_ChIP_rep1_cpm_10.bw"
"Chromatin binding","cbf11_ChIP_rep2","Cbf11","h- leu1-32 ura-D18 ade6-704 3xFlag-6xGly::cbf11","not applicable","","YES, 30C","","vegetative growth","","ChIP-seq","Skribbe","2025","40015273","GEO","GSE274238","GSM8445898","bigWig","ID24_cbf11_ChIP_rep2_cpm_10.bw"
"Chromatin binding","cbf11_IN_rep1","Cbf11","h- leu1-32 ura-D18 ade6-704 3xFlag-6xGly::cbf11","not applicable","","YES, 30C","","vegetative growth","","ChIP-seq","Skribbe","2025","40015273","GEO","GSE274238","GSM8445895","bigWig","ID24_cbf11_IN_rep1_cpm_10.bw"
"Chromatin binding","cbf11_IN_rep2","Cbf11","h- leu1-32 ura-D18 ade6-704 3xFlag-6xGly::cbf11","not applicable","","YES, 30C","","vegetative growth","","ChIP-seq","Skribbe","2025","40015273","GEO","GSE274238","GSM8445896","bigWig","ID24_cbf11_IN_rep2_cpm_10.bw"
"Chromatin binding","loz1_ChIP_rep1","Loz1","h- leu1-32 ura-D18 ade6-704 loz1::6xGly-3xFlag-kanMX","not applicable","","YES, 30C","","vegetative growth","","ChIP-seq","Skribbe","2025","40015273","GEO","GSE274238","GSM8445901","bigWig","ID26_loz1_ChIP_rep1_cpm_10.bw"
"Chromatin binding","loz1_ChIP_rep2","Loz1","h- leu1-32 ura-D18 ade6-704 loz1::6xGly-3xFlag-kanMX","not applicable","","YES, 30C","","vegetative growth","","ChIP-seq","Skribbe","2025","40015273","GEO","GSE274238","GSM8445902","bigWig","ID26_loz1_ChIP_rep2_cpm_10.bw"
"Chromatin binding","loz1_IN_rep1","Loz1","h- leu1-32 ura-D18 ade6-704 loz1::6xGly-3xFlag-kanMX","not applicable","","YES, 30C","","vegetative growth","","ChIP-seq","Skribbe","2025","40015273","GEO","GSE274238","GSM8445899","bigWig","ID26_loz1_IN_rep1_cpm_10.bw"
"Chromatin binding","loz1_IN_rep2","Loz1","h- leu1-32 ura-D18 ade6-704 loz1::6xGly-3xFlag-kanMX","not applicable","","YES, 30C","","vegetative growth","","ChIP-seq","Skribbe","2025","40015273","GEO","GSE274238","GSM8445900","bigWig","ID26_loz1_IN_rep2_cpm_10.bw"
"Chromatin binding","map1_ChIP_rep1","Map1","h- leu1-32 ura-D18 ade6-704 map1::6xGly-3xFlag-kanMX","not applicable","","YES, 30C","","vegetative growth","","ChIP-seq","Skribbe","2025","40015273","GEO","GSE274238","GSM8445905","bigWig","ID27_map1_ChIP_rep1_cpm_10.bw"
"Chromatin binding","map1_ChIP_rep2","Map1","h- leu1-32 ura-D18 ade6-704 map1::6xGly-3xFlag-kanMX","not applicable","","YES, 30C","","vegetative growth","","ChIP-seq","Skribbe","2025","40015273","GEO","GSE274238","GSM8445906","bigWig","ID27_map1_ChIP_rep2_cpm_10.bw"
"Chromatin binding","map1_IN_rep1","Map1","h- leu1-32 ura-D18 ade6-704 map1::6xGly-3xFlag-kanMX","not applicable","","YES, 30C","","vegetative growth","","ChIP-seq","Skribbe","2025","40015273","GEO","GSE274238","GSM8445903","bigWig","ID27_map1_IN_rep1_cpm_10.bw"
"Chromatin binding","map1_IN_rep2","Map1","h- leu1-32 ura-D18 ade6-704 map1::6xGly-3xFlag-kanMX","not applicable","","YES, 30C","","vegetative growth","","ChIP-seq","Skribbe","2025","40015273","GEO","GSE274238","GSM8445904","bigWig","ID27_map1_IN_rep2_cpm_10.bw"
"Chromatin binding","mbx1_ChIP_rep1","Mbx1","h- leu1-32 ura-D18 ade6-704 mbx1::6xGly-3xFlag-kanMX","not applicable","","YES, 30C","","vegetative growth","","ChIP-seq","Skribbe","2025","40015273","GEO","GSE274238","GSM8445909","bigWig","ID28_mbx1_ChIP_rep1_cpm_10.bw"
"Chromatin binding","mbx1_ChIP_rep2","Mbx1","h- leu1-32 ura-D18 ade6-704 mbx1::6xGly-3xFlag-kanMX","not applicable","","YES, 30C","","vegetative growth","","ChIP-seq","Skribbe","2025","40015273","GEO","GSE274238","GSM8445910","bigWig","ID28_mbx1_ChIP_rep2_cpm_10.bw"
"Chromatin binding","mbx1_IN_rep1","Mbx1","h- leu1-32 ura-D18 ade6-704 mbx1::6xGly-3xFlag-kanMX","not applicable","","YES, 30C","","vegetative growth","","ChIP-seq","Skribbe","2025","40015273","GEO","GSE274238","GSM8445907","bigWig","ID28_mbx1_IN_rep1_cpm_10.bw"
"Chromatin binding","mbx1_IN_rep2","Mbx1","h- leu1-32 ura-D18 ade6-704 mbx1::6xGly-3xFlag-kanMX","not applicable","","YES, 30C","","vegetative growth","","ChIP-seq","Skribbe","2025","40015273","GEO","GSE274238","GSM8445908","bigWig","ID28_mbx1_IN_rep2_cpm_10.bw"
"Chromatin binding","mbx2_ChIP_rep1","Mbx2","h- leu1-32 ura-D18 ade6-704 3xFlag-6xGly::mbx2","not applicable","","YES, 30C","","vegetative growth","","ChIP-seq","Skribbe","2025","40015273","GEO","GSE274238","GSM8445913","bigWig","ID29_mbx2_ChIP_rep1_cpm_10.bw"
"Chromatin binding","mbx2_ChIP_rep2","Mbx2","h- leu1-32 ura-D18 ade6-704 3xFlag-6xGly::mbx2","not applicable","","YES, 30C","","vegetative growth","","ChIP-seq","Skribbe","2025","40015273","GEO","GSE274238","GSM8445914","bigWig","ID29_mbx2_ChIP_rep2_cpm_10.bw"
"Chromatin binding","mbx2_IN_rep1","Mbx2","h- leu1-32 ura-D18 ade6-704 3xFlag-6xGly::mbx2","not applicable","","YES, 30C","","vegetative growth","","ChIP-seq","Skribbe","2025","40015273","GEO","GSE274238","GSM8445911","bigWig","ID29_mbx2_IN_rep1_cpm_10.bw"
"Chromatin binding","mbx2_IN_rep2","Mbx2","h- leu1-32 ura-D18 ade6-704 3xFlag-6xGly::mbx2","not applicable","","YES, 30C","","vegetative growth","","ChIP-seq","Skribbe","2025","40015273","GEO","GSE274238","GSM8445912","bigWig","ID29_mbx2_IN_rep2_cpm_10.bw"
"Chromatin binding","mca1_ChIP_rep1","Mca1","h- leu1-32 ura-D18 ade6-704 mca1::6xGly-3xFlag-kanMX","not applicable","","YES, 30C","","vegetative growth","","ChIP-seq","Skribbe","2025","40015273","GEO","GSE274238","GSM8445917","bigWig","ID30_mca1_ChIP_rep1_cpm_10.bw"
"Chromatin binding","mca1_ChIP_rep2","Mca1","h- leu1-32 ura-D18 ade6-704 mca1::6xGly-3xFlag-kanMX","not applicable","","YES, 30C","","vegetative growth","","ChIP-seq","Skribbe","2025","40015273","GEO","GSE274238","GSM8445918","bigWig","ID30_mca1_ChIP_rep2_cpm_10.bw"
"Chromatin binding","mca1_IN_rep1","Mca1","h- leu1-32 ura-D18 ade6-704 mca1::6xGly-3xFlag-kanMX","not applicable","","YES, 30C","","vegetative growth","","ChIP-seq","Skribbe","2025","40015273","GEO","GSE274238","GSM8445915","bigWig","ID30_mca1_IN_rep1_cpm_10.bw"
"Chromatin binding","mca1_IN_rep2","Mca1","h- leu1-32 ura-D18 ade6-704 mca1::6xGly-3xFlag-kanMX","not applicable","","YES, 30C","","vegetative growth","","ChIP-seq","Skribbe","2025","40015273","GEO","GSE274238","GSM8445916","bigWig","ID30_mca1_IN_rep2_cpm_10.bw"
"Chromatin binding","moc3_ChIP_rep1","Moc3","h- leu1-32 ura-D18 ade6-704 moc3::6xGly-3xFlag-kanMX","not applicable","","YES, 30C","","vegetative growth","","ChIP-seq","Skribbe","2025","40015273","GEO","GSE274238","GSM8445921","bigWig","ID32_moc3_ChIP_rep1_cpm_10.bw"
"Chromatin binding","moc3_ChIP_rep2","Moc3","h- leu1-32 ura-D18 ade6-704 moc3::6xGly-3xFlag-kanMX","not applicable","","YES, 30C","","vegetative growth","","ChIP-seq","Skribbe","2025","40015273","GEO","GSE274238","GSM8445922","bigWig","ID32_moc3_ChIP_rep2_cpm_10.bw"
"Chromatin binding","moc3_IN_rep1","Moc3","h- leu1-32 ura-D18 ade6-704 moc3::6xGly-3xFlag-kanMX","not applicable","","YES, 30C","","vegetative growth","","ChIP-seq","Skribbe","2025","40015273","GEO","GSE274238","GSM8445919","bigWig","ID32_moc3_IN_rep1_cpm_10.bw"
"Chromatin binding","moc3_IN_rep2","Moc3","h- leu1-32 ura-D18 ade6-704 moc3::6xGly-3xFlag-kanMX","not applicable","","YES, 30C","","vegetative growth","","ChIP-seq","Skribbe","2025","40015273","GEO","GSE274238","GSM8445920","bigWig","ID32_moc3_IN_rep2_cpm_10.bw"
"Chromatin binding","pap1_ChIP_rep1","Pap1","h- leu1-32 ura-D18 ade6-704 pap1::6xGly-3xFlag-kanMX","not applicable","","YES, 30C","","vegetative growth","","ChIP-seq","Skribbe","2025","40015273","GEO","GSE274238","GSM8445925","bigWig","ID33_pap1_ChIP_rep1_cpm_10.bw"
"Chromatin binding","pap1_ChIP_rep2","Pap1","h- leu1-32 ura-D18 ade6-704 pap1::6xGly-3xFlag-kanMX","not applicable","","YES, 30C","","vegetative growth","","ChIP-seq","Skribbe","2025","40015273","GEO","GSE274238","GSM8445926","bigWig","ID33_pap1_ChIP_rep2_cpm_10.bw"
"Chromatin binding","pap1_IN_rep1","Pap1","h- leu1-32 ura-D18 ade6-704 pap1::6xGly-3xFlag-kanMX","not applicable","","YES, 30C","","vegetative growth","","ChIP-seq","Skribbe","2025","40015273","GEO","GSE274238","GSM8445923","bigWig","ID33_pap1_IN_rep1_cpm_10.bw"
"Chromatin binding","pap1_IN_rep2","Pap1","h- leu1-32 ura-D18 ade6-704 pap1::6xGly-3xFlag-kanMX","not applicable","","YES, 30C","","vegetative growth","","ChIP-seq","Skribbe","2025","40015273","GEO","GSE274238","GSM8445924","bigWig","ID33_pap1_IN_rep2_cpm_10.bw"
"Chromatin binding","pcr1_ChIP_rep1","Pcr1","h- leu1-32 ura-D18 ade6-704 3xFlag-6xGly::pcr1","not applicable","","YES, 30C","","vegetative growth","","ChIP-seq","Skribbe","2025","40015273","GEO","GSE274238","GSM8445929","bigWig","ID34_pcr1_ChIP_rep1_cpm_10.bw"
"Chromatin binding","pcr1_ChIP_rep2","Pcr1","h- leu1-32 ura-D18 ade6-704 3xFlag-6xGly::pcr1","not applicable","","YES, 30C","","vegetative growth","","ChIP-seq","Skribbe","2025","40015273","GEO","GSE274238","GSM8445930","bigWig","ID34_pcr1_ChIP_rep2_cpm_10.bw"
"Chromatin binding","pcr1_IN_rep1","Pcr1","h- leu1-32 ura-D18 ade6-704 3xFlag-6xGly::pcr1","not applicable","","YES, 30C","","vegetative growth","","ChIP-seq","Skribbe","2025","40015273","GEO","GSE274238","GSM8445927","bigWig","ID34_pcr1_IN_rep1_cpm_10.bw"
"Chromatin binding","pcr1_IN_rep2","Pcr1","h- leu1-32 ura-D18 ade6-704 3xFlag-6xGly::pcr1","not applicable","","YES, 30C","","vegetative growth","","ChIP-seq","Skribbe","2025","40015273","GEO","GSE274238","GSM8445928","bigWig","ID34_pcr1_IN_rep2_cpm_10.bw"
"Chromatin binding","pho7_ChIP_rep1","Pho7","h- leu1-32 ura-D18 ade6-704 pho7::6xGly-3xFlag-kanMX","not applicable","","YES, 30C","","vegetative growth","","ChIP-seq","Skribbe","2025","40015273","GEO","GSE274238","GSM8445933","bigWig","ID35_pho7_ChIP_rep1_cpm_10.bw"
"Chromatin binding","pho7_ChIP_rep2","Pho7","h- leu1-32 ura-D18 ade6-704 pho7::6xGly-3xFlag-kanMX","not applicable","","YES, 30C","","vegetative growth","","ChIP-seq","Skribbe","2025","40015273","GEO","GSE274238","GSM8445934","bigWig","ID35_pho7_ChIP_rep2_cpm_10.bw"
"Chromatin binding","pho7_IN_rep1","Pho7","h- leu1-32 ura-D18 ade6-704 pho7::6xGly-3xFlag-kanMX","not applicable","","YES, 30C","","vegetative growth","","ChIP-seq","Skribbe","2025","40015273","GEO","GSE274238","GSM8445931","bigWig","ID35_pho7_IN_rep1_cpm_10.bw"
"Chromatin binding","pho7_IN_rep2","Pho7","h- leu1-32 ura-D18 ade6-704 pho7::6xGly-3xFlag-kanMX","not applicable","","YES, 30C","","vegetative growth","","ChIP-seq","Skribbe","2025","40015273","GEO","GSE274238","GSM8445932","bigWig","ID35_pho7_IN_rep2_cpm_10.bw"
"Chromatin binding","php2_ChIP_rep1","Php2","h- leu1-32 ura-D18 ade6-704 3xFlag-6xGly::php2","not applicable","","YES, 30C","","vegetative growth","","ChIP-seq","Skribbe","2025","40015273","GEO","GSE274238","GSM8445937","bigWig","ID36_php2_ChIP_rep1_cpm_10.bw"
"Chromatin binding","php2_ChIP_rep2","Php2","h- leu1-32 ura-D18 ade6-704 3xFlag-6xGly::php2","not applicable","","YES, 30C","","vegetative growth","","ChIP-seq","Skribbe","2025","40015273","GEO","GSE274238","GSM8445938","bigWig","ID36_php2_ChIP_rep2_cpm_10.bw"
"Chromatin binding","php2_IN_rep1","Php2","h- leu1-32 ura-D18 ade6-704 3xFlag-6xGly::php2","not applicable","","YES, 30C","","vegetative growth","","ChIP-seq","Skribbe","2025","40015273","GEO","GSE274238","GSM8445935","bigWig","ID36_php2_IN_rep1_cpm_10.bw"
"Chromatin binding","php2_IN_rep2","Php2","h- leu1-32 ura-D18 ade6-704 3xFlag-6xGly::php2","not applicable","","YES, 30C","","vegetative growth","","ChIP-seq","Skribbe","2025","40015273","GEO","GSE274238","GSM8445936","bigWig","ID36_php2_IN_rep2_cpm_10.bw"
"Chromatin binding","php3_ChIP_rep1","Php3","h- leu1-32 ura-D18 ade6-704 php3::6xGly-3xFlag-kanMX","not applicable","","YES, 30C","","vegetative growth","","ChIP-seq","Skribbe","2025","40015273","GEO","GSE274238","GSM8445941","bigWig","ID37_php3_ChIP_rep1_cpm_10.bw"
"Chromatin binding","php3_ChIP_rep2","Php3","h- leu1-32 ura-D18 ade6-704 php3::6xGly-3xFlag-kanMX","not applicable","","YES, 30C","","vegetative growth","","ChIP-seq","Skribbe","2025","40015273","GEO","GSE274238","GSM8445942","bigWig","ID37_php3_ChIP_rep2_cpm_10.bw"
"Chromatin binding","php3_IN_rep1","Php3","h- leu1-32 ura-D18 ade6-704 php3::6xGly-3xFlag-kanMX","not applicable","","YES, 30C","","vegetative growth","","ChIP-seq","Skribbe","2025","40015273","GEO","GSE274238","GSM8445939","bigWig","ID37_php3_IN_rep1_cpm_10.bw"
"Chromatin binding","php3_IN_rep2","Php3","h- leu1-32 ura-D18 ade6-704 php3::6xGly-3xFlag-kanMX","not applicable","","YES, 30C","","vegetative growth","","ChIP-seq","Skribbe","2025","40015273","GEO","GSE274238","GSM8445940","bigWig","ID37_php3_IN_rep2_cpm_10.bw"
"Chromatin binding","php5_ChIP_rep1","Php5","h- leu1-32 ura-D18 ade6-704 php5::6xGly-3xFlag-kanMX","not applicable","","YES, 30C","","vegetative growth","","ChIP-seq","Skribbe","2025","40015273","GEO","GSE274238","GSM8445945","bigWig","ID38_php5_ChIP_rep1_cpm_10.bw"
"Chromatin binding","php5_ChIP_rep2","Php5","h- leu1-32 ura-D18 ade6-704 php5::6xGly-3xFlag-kanMX","not applicable","","YES, 30C","","vegetative growth","","ChIP-seq","Skribbe","2025","40015273","GEO","GSE274238","GSM8445946","bigWig","ID38_php5_ChIP_rep2_cpm_10.bw"
"Chromatin binding","php5_IN_rep1","Php5","h- leu1-32 ura-D18 ade6-704 php5::6xGly-3xFlag-kanMX","not applicable","","YES, 30C","","vegetative growth","","ChIP-seq","Skribbe","2025","40015273","GEO","GSE274238","GSM8445943","bigWig","ID38_php5_IN_rep1_cpm_10.bw"
"Chromatin binding","php5_IN_rep2","Php5","h- leu1-32 ura-D18 ade6-704 php5::6xGly-3xFlag-kanMX","not applicable","","YES, 30C","","vegetative growth","","ChIP-seq","Skribbe","2025","40015273","GEO","GSE274238","GSM8445944","bigWig","ID38_php5_IN_rep2_cpm_10.bw"
"Chromatin binding","phx1_ChIP_rep1","Phx1","h- leu1-32 ura-D18 ade6-704 phx1::6xGly-3xFlag-kanMX","not applicable","","YES, 30C","","vegetative growth","","ChIP-seq","Skribbe","2025","40015273","GEO","GSE274238","GSM8445949","bigWig","ID39_phx1_ChIP_rep1_cpm_10.bw"
"Chromatin binding","phx1_ChIP_rep2","Phx1","h- leu1-32 ura-D18 ade6-704 phx1::6xGly-3xFlag-kanMX","not applicable","","YES, 30C","","vegetative growth","","ChIP-seq","Skribbe","2025","40015273","GEO","GSE274238","GSM8445950","bigWig","ID39_phx1_ChIP_rep2_cpm_10.bw"
"Chromatin binding","phx1_IN_rep1","Phx1","h- leu1-32 ura-D18 ade6-704 phx1::6xGly-3xFlag-kanMX","not applicable","","YES, 30C","","vegetative growth","","ChIP-seq","Skribbe","2025","40015273","GEO","GSE274238","GSM8445947","bigWig","ID39_phx1_IN_rep1_cpm_10.bw"
"Chromatin binding","phx1_IN_rep2","Phx1","h- leu1-32 ura-D18 ade6-704 phx1::6xGly-3xFlag-kanMX","not applicable","","YES, 30C","","vegetative growth","","ChIP-seq","Skribbe","2025","40015273","GEO","GSE274238","GSM8445948","bigWig","ID39_phx1_IN_rep2_cpm_10.bw"
"Chromatin binding","cuf1_ChIP_rep1","Cuf1","h- leu1-32 ura-D18 ade6-704 cuf1::6xGly-3xFlag-kanMX","not applicable","","YES, 30C","","vegetative growth","","ChIP-seq","Skribbe","2025","40015273","GEO","GSE274238","GSM8445829","bigWig","ID4_cuf1_ChIP_rep1_cpm_10.bw"
"Chromatin binding","cuf1_ChIP_rep2","Cuf1","h- leu1-32 ura-D18 ade6-704 cuf1::6xGly-3xFlag-kanMX","not applicable","","YES, 30C","","vegetative growth","","ChIP-seq","Skribbe","2025","40015273","GEO","GSE274238","GSM8445830","bigWig","ID4_cuf1_ChIP_rep2_cpm_10.bw"
"Chromatin binding","cuf1_IN_rep1","Cuf1","h- leu1-32 ura-D18 ade6-704 cuf1::6xGly-3xFlag-kanMX","not applicable","","YES, 30C","","vegetative growth","","ChIP-seq","Skribbe","2025","40015273","GEO","GSE274238","GSM8445827","bigWig","ID4_cuf1_IN_rep1_cpm_10.bw"
"Chromatin binding","cuf1_IN_rep2","Cuf1","h- leu1-32 ura-D18 ade6-704 cuf1::6xGly-3xFlag-kanMX","not applicable","","YES, 30C","","vegetative growth","","ChIP-seq","Skribbe","2025","40015273","GEO","GSE274238","GSM8445828","bigWig","ID4_cuf1_IN_rep2_cpm_10.bw"
"Chromatin binding","prr1_ChIP_rep1","Prr1","h- leu1-32 ura-D18 ade6-704 prr1::6xGly-3xFlag-kanMX","not applicable","","YES, 30C","","vegetative growth","","ChIP-seq","Skribbe","2025","40015273","GEO","GSE274238","GSM8445953","bigWig","ID40_prr1_ChIP_rep1_cpm_10.bw"
"Chromatin binding","prr1_ChIP_rep2","Prr1","h- leu1-32 ura-D18 ade6-704 prr1::6xGly-3xFlag-kanMX","not applicable","","YES, 30C","","vegetative growth","","ChIP-seq","Skribbe","2025","40015273","GEO","GSE274238","GSM8445954","bigWig","ID40_prr1_ChIP_rep2_cpm_10.bw"
"Chromatin binding","prr1_IN_rep1","Prr1","h- leu1-32 ura-D18 ade6-704 prr1::6xGly-3xFlag-kanMX","not applicable","","YES, 30C","","vegetative growth","","ChIP-seq","Skribbe","2025","40015273","GEO","GSE274238","GSM8445951","bigWig","ID40_prr1_IN_rep1_cpm_10.bw"
"Chromatin binding","prr1_IN_rep2","Prr1","h- leu1-32 ura-D18 ade6-704 prr1::6xGly-3xFlag-kanMX","not applicable","","YES, 30C","","vegetative growth","","ChIP-seq","Skribbe","2025","40015273","GEO","GSE274238","GSM8445952","bigWig","ID40_prr1_IN_rep2_cpm_10.bw"
"Chromatin binding","prt1_ChIP_rep1","Prt1","h- leu1-32 ura-D18 ade6-704 prt1::6xGly-3xFlag-kanMX","not applicable","","YES, 30C","","vegetative growth","","ChIP-seq","Skribbe","2025","40015273","GEO","GSE274238","GSM8445957","bigWig","ID41_prt1_ChIP_rep1_cpm_10.bw"
"Chromatin binding","prt1_ChIP_rep2","Prt1","h- leu1-32 ura-D18 ade6-704 prt1::6xGly-3xFlag-kanMX","not applicable","","YES, 30C","","vegetative growth","","ChIP-seq","Skribbe","2025","40015273","GEO","GSE274238","GSM8445958","bigWig","ID41_prt1_ChIP_rep2_cpm_10.bw"
"Chromatin binding","prt1_IN_rep1","Prt1","h- leu1-32 ura-D18 ade6-704 prt1::6xGly-3xFlag-kanMX","not applicable","","YES, 30C","","vegetative growth","","ChIP-seq","Skribbe","2025","40015273","GEO","GSE274238","GSM8445955","bigWig","ID41_prt1_IN_rep1_cpm_10.bw"
"Chromatin binding","prt1_IN_rep2","Prt1","h- leu1-32 ura-D18 ade6-704 prt1::6xGly-3xFlag-kanMX","not applicable","","YES, 30C","","vegetative growth","","ChIP-seq","Skribbe","2025","40015273","GEO","GSE274238","GSM8445956","bigWig","ID41_prt1_IN_rep2_cpm_10.bw"
"Chromatin binding","prz1_ChIP_rep1","Prz1","h- leu1-32 ura-D18 ade6-704 prz1::6xGly-3xFlag-kanMX","not applicable","","YES, 30C","","vegetative growth","","ChIP-seq","Skribbe","2025","40015273","GEO","GSE274238","GSM8445961","bigWig","ID42_prz1_ChIP_rep1_cpm_10.bw"
"Chromatin binding","prz1_ChIP_rep2","Prz1","h- leu1-32 ura-D18 ade6-704 prz1::6xGly-3xFlag-kanMX","not applicable","","YES, 30C","","vegetative growth","","ChIP-seq","Skribbe","2025","40015273","GEO","GSE274238","GSM8445962","bigWig","ID42_prz1_ChIP_rep2_cpm_10.bw"
"Chromatin binding","prz1_IN_rep1","Prz1","h- leu1-32 ura-D18 ade6-704 prz1::6xGly-3xFlag-kanMX","not applicable","","YES, 30C","","vegetative growth","","ChIP-seq","Skribbe","2025","40015273","GEO","GSE274238","GSM8445959","bigWig","ID42_prz1_IN_rep1_cpm_10.bw"
"Chromatin binding","prz1_IN_rep2","Prz1","h- leu1-32 ura-D18 ade6-704 prz1::6xGly-3xFlag-kanMX","not applicable","","YES, 30C","","vegetative growth","","ChIP-seq","Skribbe","2025","40015273","GEO","GSE274238","GSM8445960","bigWig","ID42_prz1_IN_rep2_cpm_10.bw"
"Chromatin binding","reb1_ChIP_rep1","Reb1","h- leu1-32 ura-D18 ade6-704 reb1::6xGly-3xFlag-kanMX","not applicable","","YES, 30C","","vegetative growth","","ChIP-seq","Skribbe","2025","40015273","GEO","GSE274238","GSM8445965","bigWig","ID43_reb1_ChIP_rep1_cpm_10.bw"
"Chromatin binding","reb1_ChIP_rep2","Reb1","h- leu1-32 ura-D18 ade6-704 reb1::6xGly-3xFlag-kanMX","not applicable","","YES, 30C","","vegetative growth","","ChIP-seq","Skribbe","2025","40015273","GEO","GSE274238","GSM8445966","bigWig","ID43_reb1_ChIP_rep2_cpm_10.bw"
"Chromatin binding","reb1_IN_rep1","Reb1","h- leu1-32 ura-D18 ade6-704 reb1::6xGly-3xFlag-kanMX","not applicable","","YES, 30C","","vegetative growth","","ChIP-seq","Skribbe","2025","40015273","GEO","GSE274238","GSM8445963","bigWig","ID43_reb1_IN_rep1_cpm_10.bw"
"Chromatin binding","reb1_IN_rep2","Reb1","h- leu1-32 ura-D18 ade6-704 reb1::6xGly-3xFlag-kanMX","not applicable","","YES, 30C","","vegetative growth","","ChIP-seq","Skribbe","2025","40015273","GEO","GSE274238","GSM8445964","bigWig","ID43_reb1_IN_rep2_cpm_10.bw"
"Chromatin binding","res2_ChIP_rep1","Res2","h- leu1-32 ura-D18 ade6-704 res2::6xGly-3xFlag-kanMX","not applicable","","YES, 30C","","vegetative growth","","ChIP-seq","Skribbe","2025","40015273","GEO","GSE274238","GSM8445969","bigWig","ID44_res2_ChIP_rep1_cpm_10.bw"
"Chromatin binding","res2_ChIP_rep2","Res2","h- leu1-32 ura-D18 ade6-704 res2::6xGly-3xFlag-kanMX","not applicable","","YES, 30C","","vegetative growth","","ChIP-seq","Skribbe","2025","40015273","GEO","GSE274238","GSM8445970","bigWig","ID44_res2_ChIP_rep2_cpm_10.bw"
"Chromatin binding","res2_IN_rep1","Res2","h- leu1-32 ura-D18 ade6-704 res2::6xGly-3xFlag-kanMX","not applicable","","YES, 30C","","vegetative growth","","ChIP-seq","Skribbe","2025","40015273","GEO","GSE274238","GSM8445967","bigWig","ID44_res2_IN_rep1_cpm_10.bw"
"Chromatin binding","res2_IN_rep2","Res2","h- leu1-32 ura-D18 ade6-704 res2::6xGly-3xFlag-kanMX","not applicable","","YES, 30C","","vegetative growth","","ChIP-seq","Skribbe","2025","40015273","GEO","GSE274238","GSM8445968","bigWig","ID44_res2_IN_rep2_cpm_10.bw"
"Chromatin binding","rst2_ChIP_rep1","Rst2","h- leu1-32 ura-D18 ade6-704 rst2::6xGly-3xFlag-kanMX","not applicable","","YES, 30C","","vegetative growth","","ChIP-seq","Skribbe","2025","40015273","GEO","GSE274238","GSM8445973","bigWig","ID45_rst2_ChIP_rep1_cpm_10.bw"
"Chromatin binding","rst2_ChIP_rep2","Rst2","h- leu1-32 ura-D18 ade6-704 rst2::6xGly-3xFlag-kanMX","not applicable","","YES, 30C","","vegetative growth","","ChIP-seq","Skribbe","2025","40015273","GEO","GSE274238","GSM8445974","bigWig","ID45_rst2_ChIP_rep2_cpm_10.bw"
"Chromatin binding","rst2_IN_rep1","Rst2","h- leu1-32 ura-D18 ade6-704 rst2::6xGly-3xFlag-kanMX","not applicable","","YES, 30C","","vegetative growth","","ChIP-seq","Skribbe","2025","40015273","GEO","GSE274238","GSM8445971","bigWig","ID45_rst2_IN_rep1_cpm_10.bw"
"Chromatin binding","rst2_IN_rep2","Rst2","h- leu1-32 ura-D18 ade6-704 rst2::6xGly-3xFlag-kanMX","not applicable","","YES, 30C","","vegetative growth","","ChIP-seq","Skribbe","2025","40015273","GEO","GSE274238","GSM8445972","bigWig","ID45_rst2_IN_rep2_cpm_10.bw"
"Chromatin binding","rsv2_ChIP_rep1","Rsv2","h- leu1-32 ura-D18 ade6-704 rsv2::6xGly-3xFlag-kanMX","not applicable","","YES, 30C","","vegetative growth","","ChIP-seq","Skribbe","2025","40015273","GEO","GSE274238","GSM8445977","bigWig","ID47_rsv2_ChIP_rep1_cpm_10.bw"
"Chromatin binding","rsv2_ChIP_rep2","Rsv2","h- leu1-32 ura-D18 ade6-704 rsv2::6xGly-3xFlag-kanMX","not applicable","","YES, 30C","","vegetative growth","","ChIP-seq","Skribbe","2025","40015273","GEO","GSE274238","GSM8445978","bigWig","ID47_rsv2_ChIP_rep2_cpm_10.bw"
"Chromatin binding","rsv2_IN_rep1","Rsv2","h- leu1-32 ura-D18 ade6-704 rsv2::6xGly-3xFlag-kanMX","not applicable","","YES, 30C","","vegetative growth","","ChIP-seq","Skribbe","2025","40015273","GEO","GSE274238","GSM8445975","bigWig","ID47_rsv2_IN_rep1_cpm_10.bw"
"Chromatin binding","rsv2_IN_rep2","Rsv2","h- leu1-32 ura-D18 ade6-704 rsv2::6xGly-3xFlag-kanMX","not applicable","","YES, 30C","","vegetative growth","","ChIP-seq","Skribbe","2025","40015273","GEO","GSE274238","GSM8445976","bigWig","ID47_rsv2_IN_rep2_cpm_10.bw"
"Chromatin binding","scr1_ChIP_rep1","Scr1","h- leu1-32 ura-D18 ade6-704 scr1::6xGly-3xFlag-kanMX","not applicable","","YES, 30C","","vegetative growth","","ChIP-seq","Skribbe","2025","40015273","GEO","GSE274238","GSM8445981","bigWig","ID48_scr1_ChIP_rep1_cpm_10.bw"
"Chromatin binding","scr1_ChIP_rep2","Scr1","h- leu1-32 ura-D18 ade6-704 scr1::6xGly-3xFlag-kanMX","not applicable","","YES, 30C","","vegetative growth","","ChIP-seq","Skribbe","2025","40015273","GEO","GSE274238","GSM8445982","bigWig","ID48_scr1_ChIP_rep2_cpm_10.bw"
"Chromatin binding","scr1_IN_rep1","Scr1","h- leu1-32 ura-D18 ade6-704 scr1::6xGly-3xFlag-kanMX","not applicable","","YES, 30C","","vegetative growth","","ChIP-seq","Skribbe","2025","40015273","GEO","GSE274238","GSM8445979","bigWig","ID48_scr1_IN_rep1_cpm_10.bw"
"Chromatin binding","scr1_IN_rep2","Scr1","h- leu1-32 ura-D18 ade6-704 scr1::6xGly-3xFlag-kanMX","not applicable","","YES, 30C","","vegetative growth","","ChIP-seq","Skribbe","2025","40015273","GEO","GSE274238","GSM8445980","bigWig","ID48_scr1_IN_rep2_cpm_10.bw"
"Chromatin binding","sep1_ChIP_rep1","Sep1","h- leu1-32 ura-D18 ade6-704 sep1::6xGly-3xFlag-kanMX","not applicable","","YES, 30C","","vegetative growth","","ChIP-seq","Skribbe","2025","40015273","GEO","GSE274238","GSM8445985","bigWig","ID49_sep1_ChIP_rep1_cpm_10.bw"
"Chromatin binding","sep1_ChIP_rep2","Sep1","h- leu1-32 ura-D18 ade6-704 sep1::6xGly-3xFlag-kanMX","not applicable","","YES, 30C","","vegetative growth","","ChIP-seq","Skribbe","2025","40015273","GEO","GSE274238","GSM8445986","bigWig","ID49_sep1_ChIP_rep2_cpm_10.bw"
"Chromatin binding","sep1_IN_rep1","Sep1","h- leu1-32 ura-D18 ade6-704 sep1::6xGly-3xFlag-kanMX","not applicable","","YES, 30C","","vegetative growth","","ChIP-seq","Skribbe","2025","40015273","GEO","GSE274238","GSM8445983","bigWig","ID49_sep1_IN_rep1_cpm_10.bw"
"Chromatin binding","sep1_IN_rep2","Sep1","h- leu1-32 ura-D18 ade6-704 sep1::6xGly-3xFlag-kanMX","not applicable","","YES, 30C","","vegetative growth","","ChIP-seq","Skribbe","2025","40015273","GEO","GSE274238","GSM8445984","bigWig","ID49_sep1_IN_rep2_cpm_10.bw"
"Chromatin binding","sfp1_ChIP_rep1","Sfp1","h- leu1-32 ura-D18 ade6-704 sfp1::6xGly-3xFlag-kanMX","not applicable","","YES, 30C","","vegetative growth","","ChIP-seq","Skribbe","2025","40015273","GEO","GSE274238","GSM8445989","bigWig","ID50_sfp1_ChIP_rep1_cpm_10.bw"
"Chromatin binding","sfp1_ChIP_rep2","Sfp1","h- leu1-32 ura-D18 ade6-704 sfp1::6xGly-3xFlag-kanMX","not applicable","","YES, 30C","","vegetative growth","","ChIP-seq","Skribbe","2025","40015273","GEO","GSE274238","GSM8445990","bigWig","ID50_sfp1_ChIP_rep2_cpm_10.bw"
"Chromatin binding","sfp1_IN_rep1","Sfp1","h- leu1-32 ura-D18 ade6-704 sfp1::6xGly-3xFlag-kanMX","not applicable","","YES, 30C","","vegetative growth","","ChIP-seq","Skribbe","2025","40015273","GEO","GSE274238","GSM8445987","bigWig","ID50_sfp1_IN_rep1_cpm_10.bw"
"Chromatin binding","sfp1_IN_rep2","Sfp1","h- leu1-32 ura-D18 ade6-704 sfp1::6xGly-3xFlag-kanMX","not applicable","","YES, 30C","","vegetative growth","","ChIP-seq","Skribbe","2025","40015273","GEO","GSE274238","GSM8445988","bigWig","ID50_sfp1_IN_rep2_cpm_10.bw"
"Chromatin binding","hsr1_ChIP_rep1","Hsr1","h- leu1-32 ura-D18 ade6-704 hsr1::6xGly-3xFlag-kanMX","not applicable","","YES, 30C","","vegetative growth","","ChIP-seq","Skribbe","2025","40015273","GEO","GSE274238","GSM8445993","bigWig","ID51_hsr1_ChIP_rep1_cpm_10.bw"
"Chromatin binding","hsr1_ChIP_rep2","Hsr1","h- leu1-32 ura-D18 ade6-704 hsr1::6xGly-3xFlag-kanMX","not applicable","","YES, 30C","","vegetative growth","","ChIP-seq","Skribbe","2025","40015273","GEO","GSE274238","GSM8445994","bigWig","ID51_hsr1_ChIP_rep2_cpm_10.bw"
"Chromatin binding","hsr1_IN_rep1","Hsr1","h- leu1-32 ura-D18 ade6-704 hsr1::6xGly-3xFlag-kanMX","not applicable","","YES, 30C","","vegetative growth","","ChIP-seq","Skribbe","2025","40015273","GEO","GSE274238","GSM8445991","bigWig","ID51_hsr1_IN_rep1_cpm_10.bw"
"Chromatin binding","hsr1_IN_rep2","Hsr1","h- leu1-32 ura-D18 ade6-704 hsr1::6xGly-3xFlag-kanMX","not applicable","","YES, 30C","","vegetative growth","","ChIP-seq","Skribbe","2025","40015273","GEO","GSE274238","GSM8445992","bigWig","ID51_hsr1_IN_rep2_cpm_10.bw"
"Chromatin binding","grt1_ChIP_rep1","Grt1","h- leu1-32 ura-D18 ade6-704 grt1::6xGly-3xFlag-kanMX","not applicable","","YES, 30C","","vegetative growth","","ChIP-seq","Skribbe","2025","40015273","GEO","GSE274238","GSM8445997","bigWig","ID52_grt1_ChIP_rep1_cpm_10.bw"
"Chromatin binding","grt1_ChIP_rep2","Grt1","h- leu1-32 ura-D18 ade6-704 grt1::6xGly-3xFlag-kanMX","not applicable","","YES, 30C","","vegetative growth","","ChIP-seq","Skribbe","2025","40015273","GEO","GSE274238","GSM8445998","bigWig","ID52_grt1_ChIP_rep2_cpm_10.bw"
"Chromatin binding","grt1_IN_rep1","Grt1","h- leu1-32 ura-D18 ade6-704 grt1::6xGly-3xFlag-kanMX","not applicable","","YES, 30C","","vegetative growth","","ChIP-seq","Skribbe","2025","40015273","GEO","GSE274238","GSM8445995","bigWig","ID52_grt1_IN_rep1_cpm_10.bw"
"Chromatin binding","grt1_IN_rep2","Grt1","h- leu1-32 ura-D18 ade6-704 grt1::6xGly-3xFlag-kanMX","not applicable","","YES, 30C","","vegetative growth","","ChIP-seq","Skribbe","2025","40015273","GEO","GSE274238","GSM8445996","bigWig","ID52_grt1_IN_rep2_cpm_10.bw"
"Chromatin binding","gsf1_ChIP_rep1","Gsf1","h- leu1-32 ura-D18 ade6-704 gsf1::6xGly-3xFlag-kanMX","not applicable","","YES, 30C","","vegetative growth","","ChIP-seq","Skribbe","2025","40015273","GEO","GSE274238","GSM8446001","bigWig","ID53_gsf1_ChIP_rep1_cpm_10.bw"
"Chromatin binding","gsf1_ChIP_rep2","Gsf1","h- leu1-32 ura-D18 ade6-704 gsf1::6xGly-3xFlag-kanMX","not applicable","","YES, 30C","","vegetative growth","","ChIP-seq","Skribbe","2025","40015273","GEO","GSE274238","GSM8446002","bigWig","ID53_gsf1_ChIP_rep2_cpm_10.bw"
"Chromatin binding","gsf1_IN_rep1","Gsf1","h- leu1-32 ura-D18 ade6-704 gsf1::6xGly-3xFlag-kanMX","not applicable","","YES, 30C","","vegetative growth","","ChIP-seq","Skribbe","2025","40015273","GEO","GSE274238","GSM8445999","bigWig","ID53_gsf1_IN_rep1_cpm_10.bw"
"Chromatin binding","gsf1_IN_rep2","Gsf1","h- leu1-32 ura-D18 ade6-704 gsf1::6xGly-3xFlag-kanMX","not applicable","","YES, 30C","","vegetative growth","","ChIP-seq","Skribbe","2025","40015273","GEO","GSE274238","GSM8446000","bigWig","ID53_gsf1_IN_rep2_cpm_10.bw"
"Chromatin binding","klf1_ChIP_rep1","Klf1","h- leu1-32 ura-D18 ade6-704 klf1::6xGly-3xFlag-kanMX","not applicable","","YES, 30C","","vegetative growth","","ChIP-seq","Skribbe","2025","40015273","GEO","GSE274238","GSM8446005","bigWig","ID54_klf1_ChIP_rep1_cpm_10.bw"
"Chromatin binding","klf1_ChIP_rep2","Klf1","h- leu1-32 ura-D18 ade6-704 klf1::6xGly-3xFlag-kanMX","not applicable","","YES, 30C","","vegetative growth","","ChIP-seq","Skribbe","2025","40015273","GEO","GSE274238","GSM8446006","bigWig","ID54_klf1_ChIP_rep2_cpm_10.bw"
"Chromatin binding","klf1_IN_rep1","Klf1","h- leu1-32 ura-D18 ade6-704 klf1::6xGly-3xFlag-kanMX","not applicable","","YES, 30C","","vegetative growth","","ChIP-seq","Skribbe","2025","40015273","GEO","GSE274238","GSM8446003","bigWig","ID54_klf1_IN_rep1_cpm_10.bw"
"Chromatin binding","klf1_IN_rep2","Klf1","h- leu1-32 ura-D18 ade6-704 klf1::6xGly-3xFlag-kanMX","not applicable","","YES, 30C","","vegetative growth","","ChIP-seq","Skribbe","2025","40015273","GEO","GSE274238","GSM8446004","bigWig","ID54_klf1_IN_rep2_cpm_10.bw"
"Chromatin binding","sre1_ChIP_rep1","Sre1","h- leu1-32 ura-D18 ade6-704 sre1::6xGly-3xFlag-kanMX","not applicable","","YES, 30C","","vegetative growth","","ChIP-seq","Skribbe","2025","40015273","GEO","GSE274238","GSM8446009","bigWig","ID57_sre1_ChIP_rep1_cpm_10.bw"
"Chromatin binding","sre1_ChIP_rep2","Sre1","h- leu1-32 ura-D18 ade6-704 sre1::6xGly-3xFlag-kanMX","not applicable","","YES, 30C","","vegetative growth","","ChIP-seq","Skribbe","2025","40015273","GEO","GSE274238","GSM8446010","bigWig","ID57_sre1_ChIP_rep2_cpm_10.bw"
"Chromatin binding","sre1_IN_rep1","Sre1","h- leu1-32 ura-D18 ade6-704 sre1::6xGly-3xFlag-kanMX","not applicable","","YES, 30C","","vegetative growth","","ChIP-seq","Skribbe","2025","40015273","GEO","GSE274238","GSM8446007","bigWig","ID57_sre1_IN_rep1_cpm_10.bw"
"Chromatin binding","sre1_IN_rep2","Sre1","h- leu1-32 ura-D18 ade6-704 sre1::6xGly-3xFlag-kanMX","not applicable","","YES, 30C","","vegetative growth","","ChIP-seq","Skribbe","2025","40015273","GEO","GSE274238","GSM8446008","bigWig","ID57_sre1_IN_rep2_cpm_10.bw"
"Chromatin binding","stb3_ChIP_rep1","Stb3","h- leu1-32 ura-D18 ade6-704 stb3::6xGly-3xFlag-kanMX","not applicable","","YES, 30C","","vegetative growth","","ChIP-seq","Skribbe","2025","40015273","GEO","GSE274238","GSM8446013","bigWig","ID59_stb3_ChIP_rep1_cpm_10.bw"
"Chromatin binding","stb3_ChIP_rep2","Stb3","h- leu1-32 ura-D18 ade6-704 stb3::6xGly-3xFlag-kanMX","not applicable","","YES, 30C","","vegetative growth","","ChIP-seq","Skribbe","2025","40015273","GEO","GSE274238","GSM8446014","bigWig","ID59_stb3_ChIP_rep2_cpm_10.bw"
"Chromatin binding","stb3_IN_rep1","Stb3","h- leu1-32 ura-D18 ade6-704 stb3::6xGly-3xFlag-kanMX","not applicable","","YES, 30C","","vegetative growth","","ChIP-seq","Skribbe","2025","40015273","GEO","GSE274238","GSM8446011","bigWig","ID59_stb3_IN_rep1_cpm_10.bw"
"Chromatin binding","stb3_IN_rep2","Stb3","h- leu1-32 ura-D18 ade6-704 stb3::6xGly-3xFlag-kanMX","not applicable","","YES, 30C","","vegetative growth","","ChIP-seq","Skribbe","2025","40015273","GEO","GSE274238","GSM8446012","bigWig","ID59_stb3_IN_rep2_cpm_10.bw"
"Chromatin binding","deb1_ChIP_rep1","Deb1","h- leu1-32 ura-D18 ade6-704 deb1::6xGly-3xFlag-kanMX","not applicable","","YES, 30C","","vegetative growth","","ChIP-seq","Skribbe","2025","40015273","GEO","GSE274238","GSM8445833","bigWig","ID6_deb1_ChIP_rep1_cpm_10.bw"
"Chromatin binding","deb1_ChIP_rep2","Deb1","h- leu1-32 ura-D18 ade6-704 deb1::6xGly-3xFlag-kanMX","not applicable","","YES, 30C","","vegetative growth","","ChIP-seq","Skribbe","2025","40015273","GEO","GSE274238","GSM8445834","bigWig","ID6_deb1_ChIP_rep2_cpm_10.bw"
"Chromatin binding","deb1_IN_rep1","Deb1","h- leu1-32 ura-D18 ade6-704 deb1::6xGly-3xFlag-kanMX","not applicable","","YES, 30C","","vegetative growth","","ChIP-seq","Skribbe","2025","40015273","GEO","GSE274238","GSM8445831","bigWig","ID6_deb1_IN_rep1_cpm_10.bw"
"Chromatin binding","deb1_IN_rep2","Deb1","h- leu1-32 ura-D18 ade6-704 deb1::6xGly-3xFlag-kanMX","not applicable","","YES, 30C","","vegetative growth","","ChIP-seq","Skribbe","2025","40015273","GEO","GSE274238","GSM8445832","bigWig","ID6_deb1_IN_rep2_cpm_10.bw"
"Chromatin binding","ste11_ChIP_rep1","Ste11","h- leu1-32 ura-D18 ade6-704 ste11::6xGly-3xFlag-kanMX","not applicable","","YES, 30C","","vegetative growth","","ChIP-seq","Skribbe","2025","40015273","GEO","GSE274238","GSM8446017","bigWig","ID60_ste11_ChIP_rep1_cpm_10.bw"
"Chromatin binding","ste11_ChIP_rep2","Ste11","h- leu1-32 ura-D18 ade6-704 ste11::6xGly-3xFlag-kanMX","not applicable","","YES, 30C","","vegetative growth","","ChIP-seq","Skribbe","2025","40015273","GEO","GSE274238","GSM8446018","bigWig","ID60_ste11_ChIP_rep2_cpm_10.bw"
"Chromatin binding","ste11_IN_rep1","Ste11","h- leu1-32 ura-D18 ade6-704 ste11::6xGly-3xFlag-kanMX","not applicable","","YES, 30C","","vegetative growth","","ChIP-seq","Skribbe","2025","40015273","GEO","GSE274238","GSM8446015","bigWig","ID60_ste11_IN_rep1_cpm_10.bw"
"Chromatin binding","ste11_IN_rep2","Ste11","h- leu1-32 ura-D18 ade6-704 ste11::6xGly-3xFlag-kanMX","not applicable","","YES, 30C","","vegetative growth","","ChIP-seq","Skribbe","2025","40015273","GEO","GSE274238","GSM8446016","bigWig","ID60_ste11_IN_rep2_cpm_10.bw"
"Chromatin binding","thi1_ChIP_rep1","Thi1","h- leu1-32 ura-D18 ade6-704 thi1::6xGly-3xFlag-kanMX","not applicable","","YES, 30C","","vegetative growth","","ChIP-seq","Skribbe","2025","40015273","GEO","GSE274238","GSM8446021","bigWig","ID61_thi1_ChIP_rep1_cpm_10.bw"
"Chromatin binding","thi1_ChIP_rep2","Thi1","h- leu1-32 ura-D18 ade6-704 thi1::6xGly-3xFlag-kanMX","not applicable","","YES, 30C","","vegetative growth","","ChIP-seq","Skribbe","2025","40015273","GEO","GSE274238","GSM8446022","bigWig","ID61_thi1_ChIP_rep2_cpm_10.bw"
"Chromatin binding","thi1_IN_rep1","Thi1","h- leu1-32 ura-D18 ade6-704 thi1::6xGly-3xFlag-kanMX","not applicable","","YES, 30C","","vegetative growth","","ChIP-seq","Skribbe","2025","40015273","GEO","GSE274238","GSM8446019","bigWig","ID61_thi1_IN_rep1_cpm_10.bw"
"Chromatin binding","thi1_IN_rep2","Thi1","h- leu1-32 ura-D18 ade6-704 thi1::6xGly-3xFlag-kanMX","not applicable","","YES, 30C","","vegetative growth","","ChIP-seq","Skribbe","2025","40015273","GEO","GSE274238","GSM8446020","bigWig","ID61_thi1_IN_rep2_cpm_10.bw"
"Chromatin binding","thi5_ChIP_rep1","Thi5","h- leu1-32 ura-D18 ade6-704 thi5::6xGly-3xFlag-kanMX","not applicable","","YES, 30C","","vegetative growth","","ChIP-seq","Skribbe","2025","40015273","GEO","GSE274238","GSM8446025","bigWig","ID62_thi5_ChIP_rep1_cpm_10.bw"
"Chromatin binding","thi5_ChIP_rep2","Thi5","h- leu1-32 ura-D18 ade6-704 thi5::6xGly-3xFlag-kanMX","not applicable","","YES, 30C","","vegetative growth","","ChIP-seq","Skribbe","2025","40015273","GEO","GSE274238","GSM8446026","bigWig","ID62_thi5_ChIP_rep2_cpm_10.bw"
"Chromatin binding","thi5_IN_rep1","Thi5","h- leu1-32 ura-D18 ade6-704 thi5::6xGly-3xFlag-kanMX","not applicable","","YES, 30C","","vegetative growth","","ChIP-seq","Skribbe","2025","40015273","GEO","GSE274238","GSM8446023","bigWig","ID62_thi5_IN_rep1_cpm_10.bw"
"Chromatin binding","thi5_IN_rep2","Thi5","h- leu1-32 ura-D18 ade6-704 thi5::6xGly-3xFlag-kanMX","not applicable","","YES, 30C","","vegetative growth","","ChIP-seq","Skribbe","2025","40015273","GEO","GSE274238","GSM8446024","bigWig","ID62_thi5_IN_rep2_cpm_10.bw"
"Chromatin binding","toe1_ChIP_rep1","Toe1","h- leu1-32 ura-D18 ade6-704 toe1::6xGly-3xFlag-kanMX","not applicable","","YES, 30C","","vegetative growth","","ChIP-seq","Skribbe","2025","40015273","GEO","GSE274238","GSM8446029","bigWig","ID63_toe1_ChIP_rep1_cpm_10.bw"
"Chromatin binding","toe1_ChIP_rep2","Toe1","h- leu1-32 ura-D18 ade6-704 toe1::6xGly-3xFlag-kanMX","not applicable","","YES, 30C","","vegetative growth","","ChIP-seq","Skribbe","2025","40015273","GEO","GSE274238","GSM8446030","bigWig","ID63_toe1_ChIP_rep2_cpm_10.bw"
"Chromatin binding","toe1_IN_rep1","Toe1","h- leu1-32 ura-D18 ade6-704 toe1::6xGly-3xFlag-kanMX","not applicable","","YES, 30C","","vegetative growth","","ChIP-seq","Skribbe","2025","40015273","GEO","GSE274238","GSM8446027","bigWig","ID63_toe1_IN_rep1_cpm_10.bw"
"Chromatin binding","toe1_IN_rep2","Toe1","h- leu1-32 ura-D18 ade6-704 toe1::6xGly-3xFlag-kanMX","not applicable","","YES, 30C","","vegetative growth","","ChIP-seq","Skribbe","2025","40015273","GEO","GSE274238","GSM8446028","bigWig","ID63_toe1_IN_rep2_cpm_10.bw"
"Chromatin binding","toe2_ChIP_rep1","Toe2","h- leu1-32 ura-D18 ade6-704 toe2::6xGly-3xFlag-kanMX","not applicable","","YES, 30C","","vegetative growth","","ChIP-seq","Skribbe","2025","40015273","GEO","GSE274238","GSM8446033","bigWig","ID64_toe2_ChIP_rep1_cpm_10.bw"
"Chromatin binding","toe2_ChIP_rep2","Toe2","h- leu1-32 ura-D18 ade6-704 toe2::6xGly-3xFlag-kanMX","not applicable","","YES, 30C","","vegetative growth","","ChIP-seq","Skribbe","2025","40015273","GEO","GSE274238","GSM8446034","bigWig","ID64_toe2_ChIP_rep2_cpm_10.bw"
"Chromatin binding","toe2_IN_rep1","Toe2","h- leu1-32 ura-D18 ade6-704 toe2::6xGly-3xFlag-kanMX","not applicable","","YES, 30C","","vegetative growth","","ChIP-seq","Skribbe","2025","40015273","GEO","GSE274238","GSM8446031","bigWig","ID64_toe2_IN_rep1_cpm_10.bw"
"Chromatin binding","toe2_IN_rep2","Toe2","h- leu1-32 ura-D18 ade6-704 toe2::6xGly-3xFlag-kanMX","not applicable","","YES, 30C","","vegetative growth","","ChIP-seq","Skribbe","2025","40015273","GEO","GSE274238","GSM8446032","bigWig","ID64_toe2_IN_rep2_cpm_10.bw"
"Chromatin binding","toe3_ChIP_rep1","Toe3","h- leu1-32 ura-D18 ade6-704 toe3::6xGly-3xFlag-kanMX","not applicable","","YES, 30C","","vegetative growth","","ChIP-seq","Skribbe","2025","40015273","GEO","GSE274238","GSM8446037","bigWig","ID65_toe3_ChIP_rep1_cpm_10.bw"
"Chromatin binding","toe3_ChIP_rep2","Toe3","h- leu1-32 ura-D18 ade6-704 toe3::6xGly-3xFlag-kanMX","not applicable","","YES, 30C","","vegetative growth","","ChIP-seq","Skribbe","2025","40015273","GEO","GSE274238","GSM8446038","bigWig","ID65_toe3_ChIP_rep2_cpm_10.bw"
"Chromatin binding","toe3_IN_rep1","Toe3","h- leu1-32 ura-D18 ade6-704 toe3::6xGly-3xFlag-kanMX","not applicable","","YES, 30C","","vegetative growth","","ChIP-seq","Skribbe","2025","40015273","GEO","GSE274238","GSM8446035","bigWig","ID65_toe3_IN_rep1_cpm_10.bw"
"Chromatin binding","toe3_IN_rep2","Toe3","h- leu1-32 ura-D18 ade6-704 toe3::6xGly-3xFlag-kanMX","not applicable","","YES, 30C","","vegetative growth","","ChIP-seq","Skribbe","2025","40015273","GEO","GSE274238","GSM8446036","bigWig","ID65_toe3_IN_rep2_cpm_10.bw"
"Chromatin binding","toe4_ChIP_rep1","Toe4","h- leu1-32 ura-D18 ade6-704 toe4::6xGly-3xFlag-kanMX","not applicable","","YES, 30C","","vegetative growth","","ChIP-seq","Skribbe","2025","40015273","GEO","GSE274238","GSM8446041","bigWig","ID66_toe4_ChIP_rep1_cpm_10.bw"
"Chromatin binding","toe4_ChIP_rep2","Toe4","h- leu1-32 ura-D18 ade6-704 toe4::6xGly-3xFlag-kanMX","not applicable","","YES, 30C","","vegetative growth","","ChIP-seq","Skribbe","2025","40015273","GEO","GSE274238","GSM8446042","bigWig","ID66_toe4_ChIP_rep2_cpm_10.bw"
"Chromatin binding","toe4_IN_rep1","Toe4","h- leu1-32 ura-D18 ade6-704 toe4::6xGly-3xFlag-kanMX","not applicable","","YES, 30C","","vegetative growth","","ChIP-seq","Skribbe","2025","40015273","GEO","GSE274238","GSM8446039","bigWig","ID66_toe4_IN_rep1_cpm_10.bw"
"Chromatin binding","toe4_IN_rep2","Toe4","h- leu1-32 ura-D18 ade6-704 toe4::6xGly-3xFlag-kanMX","not applicable","","YES, 30C","","vegetative growth","","ChIP-seq","Skribbe","2025","40015273","GEO","GSE274238","GSM8446040","bigWig","ID66_toe4_IN_rep2_cpm_10.bw"
"Chromatin binding","zip1_ChIP_rep1","Zip1","h- leu1-32 ura-D18 ade6-704 zip1::6xGly-3xFlag-kanMX","not applicable","","YES, 30C","","vegetative growth","","ChIP-seq","Skribbe","2025","40015273","GEO","GSE274238","GSM8446045","bigWig","ID67_zip1_ChIP_rep1_cpm_10.bw"
"Chromatin binding","zip1_ChIP_rep2","Zip1","h- leu1-32 ura-D18 ade6-704 zip1::6xGly-3xFlag-kanMX","not applicable","","YES, 30C","","vegetative growth","","ChIP-seq","Skribbe","2025","40015273","GEO","GSE274238","GSM8446046","bigWig","ID67_zip1_ChIP_rep2_cpm_10.bw"
"Chromatin binding","zip1_IN_rep1","Zip1","h- leu1-32 ura-D18 ade6-704 zip1::6xGly-3xFlag-kanMX","not applicable","","YES, 30C","","vegetative growth","","ChIP-seq","Skribbe","2025","40015273","GEO","GSE274238","GSM8446043","bigWig","ID67_zip1_IN_rep1_cpm_10.bw"
"Chromatin binding","zip1_IN_rep2","Zip1","h- leu1-32 ura-D18 ade6-704 zip1::6xGly-3xFlag-kanMX","not applicable","","YES, 30C","","vegetative growth","","ChIP-seq","Skribbe","2025","40015273","GEO","GSE274238","GSM8446044","bigWig","ID67_zip1_IN_rep2_cpm_10.bw"
"Chromatin binding","dal81_ChIP_rep1","Dal81","h- leu1-32 ura-D18 ade6-704 SPAC105.03c::6xGly-3xFlag-kanMX","not applicable","","YES, 30C","","vegetative growth","","ChIP-seq","Skribbe","2025","40015273","GEO","GSE274238","GSM8446049","bigWig","ID68_SPAC105.03c_ChIP_rep1_cpm_10.bw"
"Chromatin binding","dal81_ChIP_rep2","Dal81","h- leu1-32 ura-D18 ade6-704 SPAC105.03c::6xGly-3xFlag-kanMX","not applicable","","YES, 30C","","vegetative growth","","ChIP-seq","Skribbe","2025","40015273","GEO","GSE274238","GSM8446050","bigWig","ID68_SPAC105.03c_ChIP_rep2_cpm_10.bw"
"Chromatin binding","dal81_IN_rep1","Dal81","h- leu1-32 ura-D18 ade6-704 SPAC105.03c::6xGly-3xFlag-kanMX","not applicable","","YES, 30C","","vegetative growth","","ChIP-seq","Skribbe","2025","40015273","GEO","GSE274238","GSM8446047","bigWig","ID68_SPAC105.03c_IN_rep1_cpm_10.bw"
"Chromatin binding","dal81_IN_rep2","Dal81","h- leu1-32 ura-D18 ade6-704 SPAC105.03c::6xGly-3xFlag-kanMX","not applicable","","YES, 30C","","vegetative growth","","ChIP-seq","Skribbe","2025","40015273","GEO","GSE274238","GSM8446048","bigWig","ID68_SPAC105.03c_IN_rep2_cpm_10.bw"
"Chromatin binding","SPAC11D3.11c_ChIP_rep1","SPAC11D3.11c","h- leu1-32 ura-D18 ade6-704 SPAC11D3.11c::6xGly-3xFlag-kanMX","not applicable","","YES, 30C","","vegetative growth","","ChIP-seq","Skribbe","2025","40015273","GEO","GSE274238","GSM8446053","bigWig","ID69_SPAC11D3.11c_ChIP_rep1_cpm_10.bw"
"Chromatin binding","SPAC11D3.11c_ChIP_rep2","SPAC11D3.11c","h- leu1-32 ura-D18 ade6-704 SPAC11D3.11c::6xGly-3xFlag-kanMX","not applicable","","YES, 30C","","vegetative growth","","ChIP-seq","Skribbe","2025","40015273","GEO","GSE274238","GSM8446054","bigWig","ID69_SPAC11D3.11c_ChIP_rep2_cpm_10.bw"
"Chromatin binding","SPAC11D3.11c_IN_rep1","SPAC11D3.11c","h- leu1-32 ura-D18 ade6-704 SPAC11D3.11c::6xGly-3xFlag-kanMX","not applicable","","YES, 30C","","vegetative growth","","ChIP-seq","Skribbe","2025","40015273","GEO","GSE274238","GSM8446051","bigWig","ID69_SPAC11D3.11c_IN_rep1_cpm_10.bw"
"Chromatin binding","SPAC11D3.11c_IN_rep2","SPAC11D3.11c","h- leu1-32 ura-D18 ade6-704 SPAC11D3.11c::6xGly-3xFlag-kanMX","not applicable","","YES, 30C","","vegetative growth","","ChIP-seq","Skribbe","2025","40015273","GEO","GSE274238","GSM8446052","bigWig","ID69_SPAC11D3.11c_IN_rep2_cpm_10.bw"
"Chromatin binding","esc1_ChIP_rep1","Esc1","h- leu1-32 ura-D18 ade6-704 esc1::6xGly-3xFlag-kanMX","not applicable","","YES, 30C","","vegetative growth","","ChIP-seq","Skribbe","2025","40015273","GEO","GSE274238","GSM8445837","bigWig","ID7_esc1_ChIP_rep1_cpm_10.bw"
"Chromatin binding","esc1_ChIP_rep2","Esc1","h- leu1-32 ura-D18 ade6-704 esc1::6xGly-3xFlag-kanMX","not applicable","","YES, 30C","","vegetative growth","","ChIP-seq","Skribbe","2025","40015273","GEO","GSE274238","GSM8445838","bigWig","ID7_esc1_ChIP_rep2_cpm_10.bw"
"Chromatin binding","esc1_IN_rep1","Esc1","h- leu1-32 ura-D18 ade6-704 esc1::6xGly-3xFlag-kanMX","not applicable","","YES, 30C","","vegetative growth","","ChIP-seq","Skribbe","2025","40015273","GEO","GSE274238","GSM8445835","bigWig","ID7_esc1_IN_rep1_cpm_10.bw"
"Chromatin binding","esc1_IN_rep2","Esc1","h- leu1-32 ura-D18 ade6-704 esc1::6xGly-3xFlag-kanMX","not applicable","","YES, 30C","","vegetative growth","","ChIP-seq","Skribbe","2025","40015273","GEO","GSE274238","GSM8445836","bigWig","ID7_esc1_IN_rep2_cpm_10.bw"
"Chromatin binding","SPAC11D3.17_ChIP_rep1","SPAC11D3.17","h- leu1-32 ura-D18 ade6-704 SPAC11D3.17::6xGly-3xFlag-kanMX","not applicable","","YES, 30C","","vegetative growth","","ChIP-seq","Skribbe","2025","40015273","GEO","GSE274238","GSM8446057","bigWig","ID70_SPAC11D3.17_ChIP_rep1_cpm_10.bw"
"Chromatin binding","SPAC11D3.17_ChIP_rep2","SPAC11D3.17","h- leu1-32 ura-D18 ade6-704 SPAC11D3.17::6xGly-3xFlag-kanMX","not applicable","","YES, 30C","","vegetative growth","","ChIP-seq","Skribbe","2025","40015273","GEO","GSE274238","GSM8446058","bigWig","ID70_SPAC11D3.17_ChIP_rep2_cpm_10.bw"
"Chromatin binding","SPAC11D3.17_IN_rep1","SPAC11D3.17","h- leu1-32 ura-D18 ade6-704 SPAC11D3.17::6xGly-3xFlag-kanMX","not applicable","","YES, 30C","","vegetative growth","","ChIP-seq","Skribbe","2025","40015273","GEO","GSE274238","GSM8446055","bigWig","ID70_SPAC11D3.17_IN_rep1_cpm_10.bw"
"Chromatin binding","SPAC11D3.17_IN_rep2","SPAC11D3.17","h- leu1-32 ura-D18 ade6-704 SPAC11D3.17::6xGly-3xFlag-kanMX","not applicable","","YES, 30C","","vegetative growth","","ChIP-seq","Skribbe","2025","40015273","GEO","GSE274238","GSM8446056","bigWig","ID70_SPAC11D3.17_IN_rep2_cpm_10.bw"
"Chromatin binding","SPAC1327.01c_ChIP_rep1","SPAC1327.01c","h- leu1-32 ura-D18 ade6-704 SPAC1327.01c::6xGly-3xFlag-kanMX","not applicable","","YES, 30C","","vegetative growth","","ChIP-seq","Skribbe","2025","40015273","GEO","GSE274238","GSM8446061","bigWig","ID71_SPAC1327.01c_ChIP_rep1_cpm_10.bw"
"Chromatin binding","SPAC1327.01c_ChIP_rep2","SPAC1327.01c","h- leu1-32 ura-D18 ade6-704 SPAC1327.01c::6xGly-3xFlag-kanMX","not applicable","","YES, 30C","","vegetative growth","","ChIP-seq","Skribbe","2025","40015273","GEO","GSE274238","GSM8446062","bigWig","ID71_SPAC1327.01c_ChIP_rep2_cpm_10.bw"
"Chromatin binding","SPAC1327.01c_IN_rep1","SPAC1327.01c","h- leu1-32 ura-D18 ade6-704 SPAC1327.01c::6xGly-3xFlag-kanMX","not applicable","","YES, 30C","","vegetative growth","","ChIP-seq","Skribbe","2025","40015273","GEO","GSE274238","GSM8446059","bigWig","ID71_SPAC1327.01c_IN_rep1_cpm_10.bw"
"Chromatin binding","SPAC1327.01c_IN_rep2","SPAC1327.01c","h- leu1-32 ura-D18 ade6-704 SPAC1327.01c::6xGly-3xFlag-kanMX","not applicable","","YES, 30C","","vegetative growth","","ChIP-seq","Skribbe","2025","40015273","GEO","GSE274238","GSM8446060","bigWig","ID71_SPAC1327.01c_IN_rep2_cpm_10.bw"
"Chromatin binding","SPAC1F7.11c_ChIP_rep1","SPAC1F7.11c","h- leu1-32 ura-D18 ade6-704 SPAC1F7.11c::6xGly-3xFlag-kanMX","not applicable","","YES, 30C","","vegetative growth","","ChIP-seq","Skribbe","2025","40015273","GEO","GSE274238","GSM8446065","bigWig","ID72_SPAC1F7.11c_ChIP_rep1_cpm_10.bw"
"Chromatin binding","SPAC1F7.11c_ChIP_rep2","SPAC1F7.11c","h- leu1-32 ura-D18 ade6-704 SPAC1F7.11c::6xGly-3xFlag-kanMX","not applicable","","YES, 30C","","vegetative growth","","ChIP-seq","Skribbe","2025","40015273","GEO","GSE274238","GSM8446066","bigWig","ID72_SPAC1F7.11c_ChIP_rep2_cpm_10.bw"
"Chromatin binding","SPAC1F7.11c_IN_rep1","SPAC1F7.11c","h- leu1-32 ura-D18 ade6-704 SPAC1F7.11c::6xGly-3xFlag-kanMX","not applicable","","YES, 30C","","vegetative growth","","ChIP-seq","Skribbe","2025","40015273","GEO","GSE274238","GSM8446063","bigWig","ID72_SPAC1F7.11c_IN_rep1_cpm_10.bw"
"Chromatin binding","SPAC1F7.11c_IN_rep2","SPAC1F7.11c","h- leu1-32 ura-D18 ade6-704 SPAC1F7.11c::6xGly-3xFlag-kanMX","not applicable","","YES, 30C","","vegetative growth","","ChIP-seq","Skribbe","2025","40015273","GEO","GSE274238","GSM8446064","bigWig","ID72_SPAC1F7.11c_IN_rep2_cpm_10.bw"
"Chromatin binding","SPAC25B8.11_ChIP_rep1","SPAC25B8.11","h- leu1-32 ura-D18 ade6-704 SPAC25B8.11::6xGly-3xFlag-kanMX","not applicable","","YES, 30C","","vegetative growth","","ChIP-seq","Skribbe","2025","40015273","GEO","GSE274238","GSM8446069","bigWig","ID73_SPAC25B8.11_ChIP_rep1_cpm_10.bw"
"Chromatin binding","SPAC25B8.11_ChIP_rep2","SPAC25B8.11","h- leu1-32 ura-D18 ade6-704 SPAC25B8.11::6xGly-3xFlag-kanMX","not applicable","","YES, 30C","","vegetative growth","","ChIP-seq","Skribbe","2025","40015273","GEO","GSE274238","GSM8446070","bigWig","ID73_SPAC25B8.11_ChIP_rep2_cpm_10.bw"
"Chromatin binding","SPAC25B8.11_IN_rep1","SPAC25B8.11","h- leu1-32 ura-D18 ade6-704 SPAC25B8.11::6xGly-3xFlag-kanMX","not applicable","","YES, 30C","","vegetative growth","","ChIP-seq","Skribbe","2025","40015273","GEO","GSE274238","GSM8446067","bigWig","ID73_SPAC25B8.11_IN_rep1_cpm_10.bw"
"Chromatin binding","SPAC25B8.11_IN_rep2","SPAC25B8.11","h- leu1-32 ura-D18 ade6-704 SPAC25B8.11::6xGly-3xFlag-kanMX","not applicable","","YES, 30C","","vegetative growth","","ChIP-seq","Skribbe","2025","40015273","GEO","GSE274238","GSM8446068","bigWig","ID73_SPAC25B8.11_IN_rep2_cpm_10.bw"
"Chromatin binding","SPAC2H10.01_ChIP_rep1","SPAC2H10.01","h- leu1-32 ura-D18 ade6-704 SPAC2H10.01::6xGly-3xFlag-kanMX","not applicable","","YES, 30C","","vegetative growth","","ChIP-seq","Skribbe","2025","40015273","GEO","GSE274238","GSM8446073","bigWig","ID74_SPAC2H10.01_ChIP_rep1_cpm_10.bw"
"Chromatin binding","SPAC2H10.01_ChIP_rep2","SPAC2H10.01","h- leu1-32 ura-D18 ade6-704 SPAC2H10.01::6xGly-3xFlag-kanMX","not applicable","","YES, 30C","","vegetative growth","","ChIP-seq","Skribbe","2025","40015273","GEO","GSE274238","GSM8446074","bigWig","ID74_SPAC2H10.01_ChIP_rep2_cpm_10.bw"
"Chromatin binding","SPAC2H10.01_IN_rep1","SPAC2H10.01","h- leu1-32 ura-D18 ade6-704 SPAC2H10.01::6xGly-3xFlag-kanMX","not applicable","","YES, 30C","","vegetative growth","","ChIP-seq","Skribbe","2025","40015273","GEO","GSE274238","GSM8446071","bigWig","ID74_SPAC2H10.01_IN_rep1_cpm_10.bw"
"Chromatin binding","SPAC2H10.01_IN_rep2","SPAC2H10.01","h- leu1-32 ura-D18 ade6-704 SPAC2H10.01::6xGly-3xFlag-kanMX","not applicable","","YES, 30C","","vegetative growth","","ChIP-seq","Skribbe","2025","40015273","GEO","GSE274238","GSM8446072","bigWig","ID74_SPAC2H10.01_IN_rep2_cpm_10.bw"
"Chromatin binding","SPAC3C7.04_ChIP_rep1","SPAC3C7.04","h- leu1-32 ura-D18 ade6-704 SPAC3C7.04::6xGly-3xFlag-kanMX","not applicable","","YES, 30C","","vegetative growth","","ChIP-seq","Skribbe","2025","40015273","GEO","GSE274238","GSM8446077","bigWig","ID75_SPAC3C7.04_ChIP_rep1_cpm_10.bw"
"Chromatin binding","SPAC3C7.04_ChIP_rep2","SPAC3C7.04","h- leu1-32 ura-D18 ade6-704 SPAC3C7.04::6xGly-3xFlag-kanMX","not applicable","","YES, 30C","","vegetative growth","","ChIP-seq","Skribbe","2025","40015273","GEO","GSE274238","GSM8446078","bigWig","ID75_SPAC3C7.04_ChIP_rep2_cpm_10.bw"
"Chromatin binding","SPAC3C7.04_IN_rep1","SPAC3C7.04","h- leu1-32 ura-D18 ade6-704 SPAC3C7.04::6xGly-3xFlag-kanMX","not applicable","","YES, 30C","","vegetative growth","","ChIP-seq","Skribbe","2025","40015273","GEO","GSE274238","GSM8446075","bigWig","ID75_SPAC3C7.04_IN_rep1_cpm_10.bw"
"Chromatin binding","SPAC3C7.04_IN_rep2","SPAC3C7.04","h- leu1-32 ura-D18 ade6-704 SPAC3C7.04::6xGly-3xFlag-kanMX","not applicable","","YES, 30C","","vegetative growth","","ChIP-seq","Skribbe","2025","40015273","GEO","GSE274238","GSM8446076","bigWig","ID75_SPAC3C7.04_IN_rep2_cpm_10.bw"
"Chromatin binding","SPAC3F10.12c_ChIP_rep1","SPAC3F10.12c","h- leu1-32 ura-D18 ade6-704 SPAC3F10.12c::6xGly-3xFlag-kanMX","not applicable","","YES, 30C","","vegetative growth","","ChIP-seq","Skribbe","2025","40015273","GEO","GSE274238","GSM8446081","bigWig","ID76_SPAC3F10.12c_ChIP_rep1_cpm_10.bw"
"Chromatin binding","SPAC3F10.12c_ChIP_rep2","SPAC3F10.12c","h- leu1-32 ura-D18 ade6-704 SPAC3F10.12c::6xGly-3xFlag-kanMX","not applicable","","YES, 30C","","vegetative growth","","ChIP-seq","Skribbe","2025","40015273","GEO","GSE274238","GSM8446082","bigWig","ID76_SPAC3F10.12c_ChIP_rep2_cpm_10.bw"
"Chromatin binding","SPAC3F10.12c_IN_rep1","SPAC3F10.12c","h- leu1-32 ura-D18 ade6-704 SPAC3F10.12c::6xGly-3xFlag-kanMX","not applicable","","YES, 30C","","vegetative growth","","ChIP-seq","Skribbe","2025","40015273","GEO","GSE274238","GSM8446079","bigWig","ID76_SPAC3F10.12c_IN_rep1_cpm_10.bw"
"Chromatin binding","SPAC3F10.12c_IN_rep2","SPAC3F10.12c","h- leu1-32 ura-D18 ade6-704 SPAC3F10.12c::6xGly-3xFlag-kanMX","not applicable","","YES, 30C","","vegetative growth","","ChIP-seq","Skribbe","2025","40015273","GEO","GSE274238","GSM8446080","bigWig","ID76_SPAC3F10.12c_IN_rep2_cpm_10.bw"
"Chromatin binding","SPAC3H8.08c_ChIP_rep1","SPAC3H8.08c","h- leu1-32 ura-D18 ade6-704 SPAC3H8.08c::6xGly-3xFlag-kanMX","not applicable","","YES, 30C","","vegetative growth","","ChIP-seq","Skribbe","2025","40015273","GEO","GSE274238","GSM8446085","bigWig","ID77_SPAC3H8.08c_ChIP_rep1_cpm_10.bw"
"Chromatin binding","SPAC3H8.08c_ChIP_rep2","SPAC3H8.08c","h- leu1-32 ura-D18 ade6-704 SPAC3H8.08c::6xGly-3xFlag-kanMX","not applicable","","YES, 30C","","vegetative growth","","ChIP-seq","Skribbe","2025","40015273","GEO","GSE274238","GSM8446086","bigWig","ID77_SPAC3H8.08c_ChIP_rep2_cpm_10.bw"
"Chromatin binding","SPAC3H8.08c_IN_rep1","SPAC3H8.08c","h- leu1-32 ura-D18 ade6-704 SPAC3H8.08c::6xGly-3xFlag-kanMX","not applicable","","YES, 30C","","vegetative growth","","ChIP-seq","Skribbe","2025","40015273","GEO","GSE274238","GSM8446083","bigWig","ID77_SPAC3H8.08c_IN_rep1_cpm_10.bw"
"Chromatin binding","SPAC3H8.08c_IN_rep2","SPAC3H8.08c","h- leu1-32 ura-D18 ade6-704 SPAC3H8.08c::6xGly-3xFlag-kanMX","not applicable","","YES, 30C","","vegetative growth","","ChIP-seq","Skribbe","2025","40015273","GEO","GSE274238","GSM8446084","bigWig","ID77_SPAC3H8.08c_IN_rep2_cpm_10.bw"
"Chromatin binding","ntu1_ChIP_rep1","Ntu1","h- leu1-32 ura-D18 ade6-704 ntu1::6xGly-3xFlag-kanMX","not applicable","","YES, 30C","","vegetative growth","","ChIP-seq","Skribbe","2025","40015273","GEO","GSE274238","GSM8446089","bigWig","ID79_SPBC16G5.16_ChIP_rep1_cpm_10.bw"
"Chromatin binding","ntu1_ChIP_rep2","Ntu1","h- leu1-32 ura-D18 ade6-704 ntu1::6xGly-3xFlag-kanMX","not applicable","","YES, 30C","","vegetative growth","","ChIP-seq","Skribbe","2025","40015273","GEO","GSE274238","GSM8446090","bigWig","ID79_SPBC16G5.16_ChIP_rep2_cpm_10.bw"
"Chromatin binding","ntu1_IN_rep1","Ntu1","h- leu1-32 ura-D18 ade6-704 ntu1::6xGly-3xFlag-kanMX","not applicable","","YES, 30C","","vegetative growth","","ChIP-seq","Skribbe","2025","40015273","GEO","GSE274238","GSM8446087","bigWig","ID79_SPBC16G5.16_IN_rep1_cpm_10.bw"
"Chromatin binding","ntu1_IN_rep2","Ntu1","h- leu1-32 ura-D18 ade6-704 ntu1::6xGly-3xFlag-kanMX","not applicable","","YES, 30C","","vegetative growth","","ChIP-seq","Skribbe","2025","40015273","GEO","GSE274238","GSM8446088","bigWig","ID79_SPBC16G5.16_IN_rep2_cpm_10.bw"
"Chromatin binding","fep1_ChIP_rep1","Fep1","h- leu1-32 ura-D18 ade6-704 fep1::6xGly-3xFlag-kanMX","not applicable","","YES, 30C","","vegetative growth","","ChIP-seq","Skribbe","2025","40015273","GEO","GSE274238","GSM8445841","bigWig","ID8_fep1_ChIP_rep1_cpm_10.bw"
"Chromatin binding","fep1_ChIP_rep2","Fep1","h- leu1-32 ura-D18 ade6-704 fep1::6xGly-3xFlag-kanMX","not applicable","","YES, 30C","","vegetative growth","","ChIP-seq","Skribbe","2025","40015273","GEO","GSE274238","GSM8445842","bigWig","ID8_fep1_ChIP_rep2_cpm_10.bw"
"Chromatin binding","fep1_IN_rep1","Fep1","h- leu1-32 ura-D18 ade6-704 fep1::6xGly-3xFlag-kanMX","not applicable","","YES, 30C","","vegetative growth","","ChIP-seq","Skribbe","2025","40015273","GEO","GSE274238","GSM8445839","bigWig","ID8_fep1_IN_rep1_cpm_10.bw"
"Chromatin binding","fep1_IN_rep2","Fep1","h- leu1-32 ura-D18 ade6-704 fep1::6xGly-3xFlag-kanMX","not applicable","","YES, 30C","","vegetative growth","","ChIP-seq","Skribbe","2025","40015273","GEO","GSE274238","GSM8445840","bigWig","ID8_fep1_IN_rep2_cpm_10.bw"
"Chromatin binding","SPBC16G5.17_ChIP_rep1","SPBC16G5.17","h- leu1-32 ura-D18 ade6-704 SPBC16G5.17::6xGly-3xFlag-kanMX","not applicable","","YES, 30C","","vegetative growth","","ChIP-seq","Skribbe","2025","40015273","GEO","GSE274238","GSM8446093","bigWig","ID80_SPBC16G5.17_ChIP_rep1_cpm_10.bw"
"Chromatin binding","SPBC16G5.17_ChIP_rep2","SPBC16G5.17","h- leu1-32 ura-D18 ade6-704 SPBC16G5.17::6xGly-3xFlag-kanMX","not applicable","","YES, 30C","","vegetative growth","","ChIP-seq","Skribbe","2025","40015273","GEO","GSE274238","GSM8446094","bigWig","ID80_SPBC16G5.17_ChIP_rep2_cpm_10.bw"
"Chromatin binding","SPBC16G5.17_IN_rep1","SPBC16G5.17","h- leu1-32 ura-D18 ade6-704 SPBC16G5.17::6xGly-3xFlag-kanMX","not applicable","","YES, 30C","","vegetative growth","","ChIP-seq","Skribbe","2025","40015273","GEO","GSE274238","GSM8446091","bigWig","ID80_SPBC16G5.17_IN_rep1_cpm_10.bw"
"Chromatin binding","SPBC16G5.17_IN_rep2","SPBC16G5.17","h- leu1-32 ura-D18 ade6-704 SPBC16G5.17::6xGly-3xFlag-kanMX","not applicable","","YES, 30C","","vegetative growth","","ChIP-seq","Skribbe","2025","40015273","GEO","GSE274238","GSM8446092","bigWig","ID80_SPBC16G5.17_IN_rep2_cpm_10.bw"
"Chromatin binding","SPBC1773.12_ChIP_rep1","SPBC1773.12","h- leu1-32 ura-D18 ade6-704 SPBC1773.12::6xGly-3xFlag-kanMX","not applicable","","YES, 30C","","vegetative growth","","ChIP-seq","Skribbe","2025","40015273","GEO","GSE274238","GSM8446097","bigWig","ID81_SPBC1773.12_ChIP_rep1_cpm_10.bw"
"Chromatin binding","SPBC1773.12_ChIP_rep2","SPBC1773.12","h- leu1-32 ura-D18 ade6-704 SPBC1773.12::6xGly-3xFlag-kanMX","not applicable","","YES, 30C","","vegetative growth","","ChIP-seq","Skribbe","2025","40015273","GEO","GSE274238","GSM8446098","bigWig","ID81_SPBC1773.12_ChIP_rep2_cpm_10.bw"
"Chromatin binding","SPBC1773.12_IN_rep1","SPBC1773.12","h- leu1-32 ura-D18 ade6-704 SPBC1773.12::6xGly-3xFlag-kanMX","not applicable","","YES, 30C","","vegetative growth","","ChIP-seq","Skribbe","2025","40015273","GEO","GSE274238","GSM8446095","bigWig","ID81_SPBC1773.12_IN_rep1_cpm_10.bw"
"Chromatin binding","SPBC1773.12_IN_rep2","SPBC1773.12","h- leu1-32 ura-D18 ade6-704 SPBC1773.12::6xGly-3xFlag-kanMX","not applicable","","YES, 30C","","vegetative growth","","ChIP-seq","Skribbe","2025","40015273","GEO","GSE274238","GSM8446096","bigWig","ID81_SPBC1773.12_IN_rep2_cpm_10.bw"
"Chromatin binding","SPBC1773.16c_ChIP_rep1","SPBC1773.16c","h- leu1-32 ura-D18 ade6-704 SPBC1773.16c::6xGly-3xFlag-kanMX","not applicable","","YES, 30C","","vegetative growth","","ChIP-seq","Skribbe","2025","40015273","GEO","GSE274238","GSM8446101","bigWig","ID82_SPBC1773.16c_ChIP_rep1_cpm_10.bw"
"Chromatin binding","SPBC1773.16c_ChIP_rep2","SPBC1773.16c","h- leu1-32 ura-D18 ade6-704 SPBC1773.16c::6xGly-3xFlag-kanMX","not applicable","","YES, 30C","","vegetative growth","","ChIP-seq","Skribbe","2025","40015273","GEO","GSE274238","GSM8446102","bigWig","ID82_SPBC1773.16c_ChIP_rep2_cpm_10.bw"
"Chromatin binding","SPBC1773.16c_IN_rep1","SPBC1773.16c","h- leu1-32 ura-D18 ade6-704 SPBC1773.16c::6xGly-3xFlag-kanMX","not applicable","","YES, 30C","","vegetative growth","","ChIP-seq","Skribbe","2025","40015273","GEO","GSE274238","GSM8446099","bigWig","ID82_SPBC1773.16c_IN_rep1_cpm_10.bw"
"Chromatin binding","SPBC1773.16c_IN_rep2","SPBC1773.16c","h- leu1-32 ura-D18 ade6-704 SPBC1773.16c::6xGly-3xFlag-kanMX","not applicable","","YES, 30C","","vegetative growth","","ChIP-seq","Skribbe","2025","40015273","GEO","GSE274238","GSM8446100","bigWig","ID82_SPBC1773.16c_IN_rep2_cpm_10.bw"
"Chromatin binding","ntu2_ChIP_rep1","Ntu2","h- leu1-32 ura-D18 ade6-704 ntu2::6xGly-3xFlag-kanMX","not applicable","","YES, 30C","","vegetative growth","","ChIP-seq","Skribbe","2025","40015273","GEO","GSE274238","GSM8446105","bigWig","ID83_SPBC530.08_ChIP_rep1_cpm_10.bw"
"Chromatin binding","ntu2_ChIP_rep2","Ntu2","h- leu1-32 ura-D18 ade6-704 ntu2::6xGly-3xFlag-kanMX","not applicable","","YES, 30C","","vegetative growth","","ChIP-seq","Skribbe","2025","40015273","GEO","GSE274238","GSM8446106","bigWig","ID83_SPBC530.08_ChIP_rep2_cpm_10.bw"
"Chromatin binding","ntu2_IN_rep1","Ntu2","h- leu1-32 ura-D18 ade6-704 ntu2::6xGly-3xFlag-kanMX","not applicable","","YES, 30C","","vegetative growth","","ChIP-seq","Skribbe","2025","40015273","GEO","GSE274238","GSM8446103","bigWig","ID83_SPBC530.08_IN_rep1_cpm_10.bw"
"Chromatin binding","ntu2_IN_rep2","Ntu2","h- leu1-32 ura-D18 ade6-704 ntu2::6xGly-3xFlag-kanMX","not applicable","","YES, 30C","","vegetative growth","","ChIP-seq","Skribbe","2025","40015273","GEO","GSE274238","GSM8446104","bigWig","ID83_SPBC530.08_IN_rep2_cpm_10.bw"
"Chromatin binding","SPBC530.11c_ChIP_rep1","SPBC530.11c","h- leu1-32 ura-D18 ade6-704 SPBC530.11c::6xGly-3xFlag-kanMX","not applicable","","YES, 30C","","vegetative growth","","ChIP-seq","Skribbe","2025","40015273","GEO","GSE274238","GSM8446109","bigWig","ID84_SPBC530.11c_ChIP_rep1_cpm_10.bw"
"Chromatin binding","SPBC530.11c_ChIP_rep2","SPBC530.11c","h- leu1-32 ura-D18 ade6-704 SPBC530.11c::6xGly-3xFlag-kanMX","not applicable","","YES, 30C","","vegetative growth","","ChIP-seq","Skribbe","2025","40015273","GEO","GSE274238","GSM8446110","bigWig","ID84_SPBC530.11c_ChIP_rep2_cpm_10.bw"
"Chromatin binding","SPBC530.11c_IN_rep1","SPBC530.11c","h- leu1-32 ura-D18 ade6-704 SPBC530.11c::6xGly-3xFlag-kanMX","not applicable","","YES, 30C","","vegetative growth","","ChIP-seq","Skribbe","2025","40015273","GEO","GSE274238","GSM8446107","bigWig","ID84_SPBC530.11c_IN_rep1_cpm_10.bw"
"Chromatin binding","SPBC530.11c_IN_rep2","SPBC530.11c","h- leu1-32 ura-D18 ade6-704 SPBC530.11c::6xGly-3xFlag-kanMX","not applicable","","YES, 30C","","vegetative growth","","ChIP-seq","Skribbe","2025","40015273","GEO","GSE274238","GSM8446108","bigWig","ID84_SPBC530.11c_IN_rep2_cpm_10.bw"
"Chromatin binding","SPBC56F2.05c_ChIP_rep1","SPBC56F2.05c","h- leu1-32 ura-D18 ade6-704 SPBC56F2.05c::6xGly-3xFlag-kanMX","not applicable","","YES, 30C","","vegetative growth","","ChIP-seq","Skribbe","2025","40015273","GEO","GSE274238","GSM8446113","bigWig","ID85_SPBC56F2.05c_ChIP_rep1_cpm_10.bw"
"Chromatin binding","SPBC56F2.05c_ChIP_rep2","SPBC56F2.05c","h- leu1-32 ura-D18 ade6-704 SPBC56F2.05c::6xGly-3xFlag-kanMX","not applicable","","YES, 30C","","vegetative growth","","ChIP-seq","Skribbe","2025","40015273","GEO","GSE274238","GSM8446114","bigWig","ID85_SPBC56F2.05c_ChIP_rep2_cpm_10.bw"
"Chromatin binding","SPBC56F2.05c_IN_rep1","SPBC56F2.05c","h- leu1-32 ura-D18 ade6-704 SPBC56F2.05c::6xGly-3xFlag-kanMX","not applicable","","YES, 30C","","vegetative growth","","ChIP-seq","Skribbe","2025","40015273","GEO","GSE274238","GSM8446111","bigWig","ID85_SPBC56F2.05c_IN_rep1_cpm_10.bw"
"Chromatin binding","SPBC56F2.05c_IN_rep2","SPBC56F2.05c","h- leu1-32 ura-D18 ade6-704 SPBC56F2.05c::6xGly-3xFlag-kanMX","not applicable","","YES, 30C","","vegetative growth","","ChIP-seq","Skribbe","2025","40015273","GEO","GSE274238","GSM8446112","bigWig","ID85_SPBC56F2.05c_IN_rep2_cpm_10.bw"
"Chromatin binding","SPCC18.03_ChIP_rep1","SPCC18.03","h- leu1-32 ura-D18 ade6-704 SPCC18.03::6xGly-3xFlag-kanMX","not applicable","","YES, 30C","","vegetative growth","","ChIP-seq","Skribbe","2025","40015273","GEO","GSE274238","GSM8446117","bigWig","ID86_SPCC18.03_ChIP_rep1_cpm_10.bw"
"Chromatin binding","SPCC18.03_ChIP_rep2","SPCC18.03","h- leu1-32 ura-D18 ade6-704 SPCC18.03::6xGly-3xFlag-kanMX","not applicable","","YES, 30C","","vegetative growth","","ChIP-seq","Skribbe","2025","40015273","GEO","GSE274238","GSM8446118","bigWig","ID86_SPCC18.03_ChIP_rep2_cpm_10.bw"
"Chromatin binding","SPCC18.03_IN_rep1","SPCC18.03","h- leu1-32 ura-D18 ade6-704 SPCC18.03::6xGly-3xFlag-kanMX","not applicable","","YES, 30C","","vegetative growth","","ChIP-seq","Skribbe","2025","40015273","GEO","GSE274238","GSM8446115","bigWig","ID86_SPCC18.03_IN_rep1_cpm_10.bw"
"Chromatin binding","SPCC18.03_IN_rep2","SPCC18.03","h- leu1-32 ura-D18 ade6-704 SPCC18.03::6xGly-3xFlag-kanMX","not applicable","","YES, 30C","","vegetative growth","","ChIP-seq","Skribbe","2025","40015273","GEO","GSE274238","GSM8446116","bigWig","ID86_SPCC18.03_IN_rep2_cpm_10.bw"
"Chromatin binding","SPCC320.03_ChIP_rep1","SPCC320.03","h- leu1-32 ura-D18 ade6-704 SPCC320.03::6xGly-3xFlag-kanMX","not applicable","","YES, 30C","","vegetative growth","","ChIP-seq","Skribbe","2025","40015273","GEO","GSE274238","GSM8446121","bigWig","ID87_SPCC320.03_ChIP_rep1_cpm_10.bw"
"Chromatin binding","SPCC320.03_ChIP_rep2","SPCC320.03","h- leu1-32 ura-D18 ade6-704 SPCC320.03::6xGly-3xFlag-kanMX","not applicable","","YES, 30C","","vegetative growth","","ChIP-seq","Skribbe","2025","40015273","GEO","GSE274238","GSM8446122","bigWig","ID87_SPCC320.03_ChIP_rep2_cpm_10.bw"
"Chromatin binding","SPCC320.03_IN_rep1","SPCC320.03","h- leu1-32 ura-D18 ade6-704 SPCC320.03::6xGly-3xFlag-kanMX","not applicable","","YES, 30C","","vegetative growth","","ChIP-seq","Skribbe","2025","40015273","GEO","GSE274238","GSM8446119","bigWig","ID87_SPCC320.03_IN_rep1_cpm_10.bw"
"Chromatin binding","SPCC320.03_IN_rep2","SPCC320.03","h- leu1-32 ura-D18 ade6-704 SPCC320.03::6xGly-3xFlag-kanMX","not applicable","","YES, 30C","","vegetative growth","","ChIP-seq","Skribbe","2025","40015273","GEO","GSE274238","GSM8446120","bigWig","ID87_SPCC320.03_IN_rep2_cpm_10.bw"
"Chromatin binding","SPCC417.09c_ChIP_rep1","SPCC417.09c","h- leu1-32 ura-D18 ade6-704 SPCC417.09c::6xGly-3xFlag-kanMX","not applicable","","YES, 30C","","vegetative growth","","ChIP-seq","Skribbe","2025","40015273","GEO","GSE274238","GSM8446125","bigWig","ID88_SPCC417.09c_ChIP_rep1_cpm_10.bw"
"Chromatin binding","SPCC417.09c_ChIP_rep2","SPCC417.09c","h- leu1-32 ura-D18 ade6-704 SPCC417.09c::6xGly-3xFlag-kanMX","not applicable","","YES, 30C","","vegetative growth","","ChIP-seq","Skribbe","2025","40015273","GEO","GSE274238","GSM8446126","bigWig","ID88_SPCC417.09c_ChIP_rep2_cpm_10.bw"
"Chromatin binding","SPCC417.09c_IN_rep1","SPCC417.09c","h- leu1-32 ura-D18 ade6-704 SPCC417.09c::6xGly-3xFlag-kanMX","not applicable","","YES, 30C","","vegetative growth","","ChIP-seq","Skribbe","2025","40015273","GEO","GSE274238","GSM8446123","bigWig","ID88_SPCC417.09c_IN_rep1_cpm_10.bw"
"Chromatin binding","SPCC417.09c_IN_rep2","SPCC417.09c","h- leu1-32 ura-D18 ade6-704 SPCC417.09c::6xGly-3xFlag-kanMX","not applicable","","YES, 30C","","vegetative growth","","ChIP-seq","Skribbe","2025","40015273","GEO","GSE274238","GSM8446124","bigWig","ID88_SPCC417.09c_IN_rep2_cpm_10.bw"
"Chromatin binding","SPCC757.04_ChIP_rep1","SPCC757.04","h- leu1-32 ura-D18 ade6-704 SPCC757.04::6xGly-3xFlag-kanMX","not applicable","","YES, 30C","","vegetative growth","","ChIP-seq","Skribbe","2025","40015273","GEO","GSE274238","GSM8446129","bigWig","ID89_SPCC757.04_ChIP_rep1_cpm_10.bw"
"Chromatin binding","SPCC757.04_ChIP_rep2","SPCC757.04","h- leu1-32 ura-D18 ade6-704 SPCC757.04::6xGly-3xFlag-kanMX","not applicable","","YES, 30C","","vegetative growth","","ChIP-seq","Skribbe","2025","40015273","GEO","GSE274238","GSM8446130","bigWig","ID89_SPCC757.04_ChIP_rep2_cpm_10.bw"
"Chromatin binding","SPCC757.04_IN_rep1","SPCC757.04","h- leu1-32 ura-D18 ade6-704 SPCC757.04::6xGly-3xFlag-kanMX","not applicable","","YES, 30C","","vegetative growth","","ChIP-seq","Skribbe","2025","40015273","GEO","GSE274238","GSM8446127","bigWig","ID89_SPCC757.04_IN_rep1_cpm_10.bw"
"Chromatin binding","SPCC757.04_IN_rep2","SPCC757.04","h- leu1-32 ura-D18 ade6-704 SPCC757.04::6xGly-3xFlag-kanMX","not applicable","","YES, 30C","","vegetative growth","","ChIP-seq","Skribbe","2025","40015273","GEO","GSE274238","GSM8446128","bigWig","ID89_SPCC757.04_IN_rep2_cpm_10.bw"
"Chromatin binding","fhl1_ChIP_rep1","Fhl1","h- leu1-32 ura-D18 ade6-704 fhl1::6xGly-3xFlag-kanMX","not applicable","","YES, 30C","","vegetative growth","","ChIP-seq","Skribbe","2025","40015273","GEO","GSE274238","GSM8445845","bigWig","ID9_fhl1_ChIP_rep1_cpm_10.bw"
"Chromatin binding","fhl1_ChIP_rep2","Fhl1","h- leu1-32 ura-D18 ade6-704 fhl1::6xGly-3xFlag-kanMX","not applicable","","YES, 30C","","vegetative growth","","ChIP-seq","Skribbe","2025","40015273","GEO","GSE274238","GSM8445846","bigWig","ID9_fhl1_ChIP_rep2_cpm_10.bw"
"Chromatin binding","fhl1_IN_rep1","Fhl1","h- leu1-32 ura-D18 ade6-704 fhl1::6xGly-3xFlag-kanMX","not applicable","","YES, 30C","","vegetative growth","","ChIP-seq","Skribbe","2025","40015273","GEO","GSE274238","GSM8445843","bigWig","ID9_fhl1_IN_rep1_cpm_10.bw"
"Chromatin binding","fhl1_IN_rep2","Fhl1","h- leu1-32 ura-D18 ade6-704 fhl1::6xGly-3xFlag-kanMX","not applicable","","YES, 30C","","vegetative growth","","ChIP-seq","Skribbe","2025","40015273","GEO","GSE274238","GSM8445844","bigWig","ID9_fhl1_IN_rep2_cpm_10.bw"
"Chromatin binding","SPCC777.02_ChIP_rep1","SPCC777.02","h- leu1-32 ura-D18 ade6-704 SPCC777.02::6xGly-3xFlag-kanMX","not applicable","","YES, 30C","","vegetative growth","","ChIP-seq","Skribbe","2025","40015273","GEO","GSE274238","GSM8446133","bigWig","ID90_SPCC777.02_ChIP_rep1_cpm_10.bw"
"Chromatin binding","SPCC777.02_ChIP_rep2","SPCC777.02","h- leu1-32 ura-D18 ade6-704 SPCC777.02::6xGly-3xFlag-kanMX","not applicable","","YES, 30C","","vegetative growth","","ChIP-seq","Skribbe","2025","40015273","GEO","GSE274238","GSM8446134","bigWig","ID90_SPCC777.02_ChIP_rep2_cpm_10.bw"
"Chromatin binding","SPCC777.02_IN_rep1","SPCC777.02","h- leu1-32 ura-D18 ade6-704 SPCC777.02::6xGly-3xFlag-kanMX","not applicable","","YES, 30C","","vegetative growth","","ChIP-seq","Skribbe","2025","40015273","GEO","GSE274238","GSM8446131","bigWig","ID90_SPCC777.02_IN_rep1_cpm_10.bw"
"Chromatin binding","SPCC777.02_IN_rep2","SPCC777.02","h- leu1-32 ura-D18 ade6-704 SPCC777.02::6xGly-3xFlag-kanMX","not applicable","","YES, 30C","","vegetative growth","","ChIP-seq","Skribbe","2025","40015273","GEO","GSE274238","GSM8446132","bigWig","ID90_SPCC777.02_IN_rep2_cpm_10.bw"
"Chromatin binding","SPCC965.10_ChIP_rep1","SPCC965.10","h- leu1-32 ura-D18 ade6-704 SPCC965.10::6xGly-3xFlag-kanMX","not applicable","","YES, 30C","","vegetative growth","","ChIP-seq","Skribbe","2025","40015273","GEO","GSE274238","GSM8446137","bigWig","ID91_SPCC965.10_ChIP_rep1_cpm_10.bw"
"Chromatin binding","SPCC965.10_ChIP_rep2","SPCC965.10","h- leu1-32 ura-D18 ade6-704 SPCC965.10::6xGly-3xFlag-kanMX","not applicable","","YES, 30C","","vegetative growth","","ChIP-seq","Skribbe","2025","40015273","GEO","GSE274238","GSM8446138","bigWig","ID91_SPCC965.10_ChIP_rep2_cpm_10.bw"
"Chromatin binding","SPCC965.10_IN_rep1","SPCC965.10","h- leu1-32 ura-D18 ade6-704 SPCC965.10::6xGly-3xFlag-kanMX","not applicable","","YES, 30C","","vegetative growth","","ChIP-seq","Skribbe","2025","40015273","GEO","GSE274238","GSM8446135","bigWig","ID91_SPCC965.10_IN_rep1_cpm_10.bw"
"Chromatin binding","SPCC965.10_IN_rep2","SPCC965.10","h- leu1-32 ura-D18 ade6-704 SPCC965.10::6xGly-3xFlag-kanMX","not applicable","","YES, 30C","","vegetative growth","","ChIP-seq","Skribbe","2025","40015273","GEO","GSE274238","GSM8446136","bigWig","ID91_SPCC965.10_IN_rep2_cpm_10.bw"
"Genome sequence and features","HOT regions (common frequent TF ChIP peaks)","","h- leu1-32 ura-D18 ade6-704 TF::6xGly-3xFlag-kanMX","not applicable","","YES, 30C","","vegetative growth","","ChIP-seq","Skribbe","2025","40015273","","","","BED","peaks_common-peaks-frequent.bed"
"Genome sequence and features","TF ChIP peaks (specific)","","h- leu1-32 ura-D18 ade6-704 TF::6xGly-3xFlag-kanMX","not applicable","","YES, 30C","","vegetative growth","","ChIP-seq","Skribbe","2025","40015273","","","","BED","peaks_specific-peaks.bed"
"Genome sequence and features","TF ChIP peaks (common ubiquitous)","","h- leu1-32 ura-D18 ade6-704 TF::6xGly-3xFlag-kanMX","not applicable","","YES, 30C","","vegetative growth","","ChIP-seq","Skribbe","2025","40015273","","","","BED","peaks_common-peaks-ubiquitous.bed"
